name,brand,price_min_lakh,seats,mileage_kmpl,power_bhp,safety_rating,fuel_type,body_type,resale_value_5yr,year,price_min_lakh_norm,mileage_kmpl_norm,power_bhp_norm,safety_rating_norm,resale_value_5yr_norm
Acura ILX,Acura,15.61,5,23.7,119.0,3.6,Petrol,Sedan,30.0,2015,0.0838889663830381,0.6925714285714288,0.15981297753449653,0.3857142857142857,0.0
Acura MDX,Acura,23.19,7,16.0,158.0,3.4,Petrol,SUV,30.0,2015,0.13484892715342262,0.07929307805596464,0.3383204423267062,0.28031418753068227,0.0
Acura RDX,Acura,18.92,7,16.1,153.0,3.5,Petrol,SUV,30.0,2015,0.10609129490175548,0.08890410958904127,0.3148099547440626,0.31506849315068486,0.0
Acura RL,Acura,15.47,5,22.2,119.0,3.2,Petrol,Sedan,30.0,2012,0.08294973729483425,0.5733333333333335,0.15904512107043745,0.11111111111111072,0.0
Acura RLX,Acura,25.43,5,24.0,131.0,3.5,Petrol,Sedan,30.0,2014,0.14991835763458686,0.72,0.2137945838615979,0.35294117647058787,0.0
Acura TL,Acura,16.21,5,22.9,120.0,3.5,Petrol,Sedan,30.0,2014,0.0878931054498489,0.6347052280311456,0.16308651761545978,0.3207267334074899,0.0
Acura TLX,Acura,21.75,5,24.5,126.0,4.0,Petrol,Sedan,30.0,2015,0.125122053284977,0.76,0.1935226365606112,0.6666666666666665,0.0
Acura TSX,Acura,13.96,5,22.9,117.0,3.5,Petrol,Sedan,30.0,2014,0.07277737705524424,0.6318215613382898,0.15072881926206472,0.32672449401073944,0.0
Acura TSX Sport Wagon,Acura,15.51,5,21.0,99.0,3.5,Petrol,Wagon,30.0,2013,0.08322871623192452,0.47666666666666657,0.06804272627057434,0.32407407407407396,0.0
Acura ZDX,Acura,21.9,5,25.6,106.0,3.4,Petrol,Hatchback,30.0,2012,0.12618789589078336,0.8471794871794873,0.10316353354328034,0.24786324786324787,0.0
Acura mdx,Acura,19.09,7,15.0,153.0,3.1,Petrol,SUV,30.0,2010,0.10726740131120102,0.0,0.3157714676702018,0.08333333333333304,0.0
Aston Martin Rapide,Aston Martin,81.96,5,22.5,199.0,3.2,Petrol,Sedan,30.0,2011,0.5299204910029294,0.6000000000000001,0.5244611700307903,0.16666666666666652,0.0
Audi A3,Audi,16.76,5,22.4,109.0,3.7,Petrol,Sedan,30.0,2015,0.09161475289747699,0.5904402515723273,0.11448922053173305,0.47589098532494756,0.0
Audi A4,Audi,17.25,5,23.0,120.0,3.4,Petrol,Sedan,30.0,2015,0.09487112264250266,0.6374207188160677,0.1641622889783031,0.298801973220578,0.0
Audi A5,Audi,21.16,5,21.0,134.0,3.4,Petrol,Coupe,30.0,2014,0.12119420698023015,0.4803809523809526,0.23114796532518056,0.27089947089947053,0.0
Audi A6,Audi,26.03,5,23.3,131.0,3.5,Petrol,Sedan,30.0,2015,0.1539245826940066,0.6617599999999999,0.2170698293229939,0.34577777777777774,0.0
Audi A7,Audi,34.94,5,23.2,142.0,3.5,Petrol,Sedan,30.0,2014,0.21384574562364903,0.6595488721804512,0.2660577204214779,0.36340852130325807,0.0
Audi A8,Audi,35.77,5,23.1,143.0,3.5,Petrol,Sedan,30.0,2015,0.2193999690861178,0.6475675675675676,0.2705985150391581,0.31756756756756754,0.0
Audi Q3,Audi,25.23,7,17.5,160.0,4.5,Petrol,SUV,30.0,2015,0.14855628400055798,0.20000000000000018,0.3495267419318052,1.0,0.0
Audi Q5,Audi,22.95,7,16.1,158.0,3.4,Petrol,SUV,30.0,2015,0.13324192360071727,0.0852446183953035,0.3370066541559519,0.2948467058056097,0.0
Audi Q7,Audi,30.53,7,16.1,167.0,3.4,Petrol,SUV,30.0,2014,0.18414539544161654,0.08837944664031627,0.3786222305760004,0.2806324110671934,0.0
Audi R8,Audi,80.91,5,20.6,207.0,3.3,Petrol,Coupe,30.0,2012,0.5228368519046378,0.4469565217391305,0.5623019827752904,0.18840579710144922,0.0
Audi RS 5,Audi,47.93,5,21.7,175.0,3.6,Petrol,Coupe,30.0,2014,0.30115776258892457,0.5333333333333334,0.41650511270764434,0.37777777777777777,0.0
Audi RS 7,Audi,84.85,5,24.0,202.0,3.7,Petrol,Sedan,30.0,2014,0.5493095271307017,0.72,0.5403124643630972,0.45833333333333304,0.0
Audi S4,Audi,28.54,5,23.3,134.0,3.5,Petrol,Sedan,30.0,2014,0.17076554356509724,0.661090909090909,0.2308379726101245,0.3484848484848486,0.0
Audi S5,Audi,29.14,5,21.0,145.0,3.4,Petrol,Coupe,30.0,2014,0.17485485880298798,0.4813793103448276,0.27822344387163245,0.24712643678160884,0.0
Audi S6,Audi,44.96,5,23.7,154.0,3.5,Petrol,Sedan,30.0,2014,0.2811642720974567,0.6933333333333336,0.32109324514387794,0.33333333333333304,0.0
Audi S7,Audi,56.0,5,23.8,167.0,3.6,Petrol,Sedan,30.0,2014,0.3553842934858419,0.7050000000000001,0.381771011517847,0.375,0.0
Audi S8,Audi,62.66,5,23.8,176.0,3.5,Petrol,Sedan,30.0,2014,0.40019528525596326,0.7000000000000002,0.4184057475196715,0.33333333333333304,0.0
Audi SQ5,Audi,39.93,7,17.0,178.0,3.6,Petrol,SUV,30.0,2014,0.24739453599824643,0.16000000000000014,0.4303308733688479,0.38095238095238093,0.0
Audi TT,Audi,24.62,5,21.5,150.0,3.8,Petrol,Coupe,30.0,2015,0.14442739573162228,0.52,0.3005359790169916,0.5333333333333332,0.0
Audi TT RS,Audi,37.18,5,21.5,165.0,3.5,Petrol,Coupe,30.0,2013,0.22890221788254989,0.52,0.3695974455468125,0.33333333333333304,0.0
Audi TTS,Audi,31.5,5,21.7,150.0,3.8,Petrol,Coupe,30.0,2015,0.1906821035011857,0.536,0.30185882084616256,0.5333333333333332,0.0
Audi allroad,Audi,26.92,5,21.7,112.0,3.6,Petrol,Wagon,30.0,2014,0.15992164330723468,0.5365217391304349,0.13074218963046702,0.42028985507246386,0.0
BMW 1 Series,BMW,17.64,5,20.8,120.0,3.4,Petrol,Coupe,30.0,2013,0.09751994994736204,0.4678827361563518,0.16352764755024263,0.2747014115092288,0.0
BMW 2 Series,BMW,31.95,5,22.2,158.0,3.8,Petrol,Coupe,30.0,2015,0.193698563258474,0.5762500000000002,0.34081708290569046,0.5104166666666665,0.0
BMW 3 Series,BMW,19.97,5,22.5,124.0,3.4,Petrol,Sedan,30.0,2015,0.11319728606563503,0.5991273996509601,0.1846692606849012,0.23821989528795795,0.0
BMW 3 Series Gran Turismo,BMW,32.4,5,27.2,119.0,3.8,Petrol,Hatchback,30.0,2015,0.19675849404876786,0.9780821917808222,0.16085775388705859,0.5570776255707761,0.0
BMW 4 Series,BMW,35.16,5,22.2,149.0,3.7,Petrol,Coupe,30.0,2015,0.21527128797338946,0.5729692832764506,0.2980484696905831,0.49829351535836164,0.0
BMW 4 Series Gran Coupe,BMW,36.71,5,24.5,144.0,4.1,Petrol,Sedan,30.0,2015,0.22574045659552702,0.76,0.27578211122514906,0.75,0.0
BMW 5 Series,BMW,25.35,5,23.1,131.0,3.5,Petrol,Sedan,30.0,2015,0.14936929856732525,0.6453246222948141,0.21327120236517516,0.31046685722063394,0.0
BMW 5 Series Gran Turismo,BMW,29.17,5,26.1,115.0,3.4,Petrol,Hatchback,30.0,2015,0.17503945363889734,0.8913725490196078,0.14310159004872325,0.2973856209150325,0.0
BMW 6 Series,BMW,37.61,5,21.1,140.0,3.5,Petrol,Sedan,30.0,2015,0.23175897607790316,0.4851741293532339,0.2571005730839474,0.35986733001658333,0.0
BMW 6 Series Gran Coupe,BMW,45.79,5,23.7,155.0,3.6,Petrol,Sedan,30.0,2015,0.28672334072110894,0.6981481481481482,0.32563800087006833,0.3950617283950617,0.0
BMW 7 Series,BMW,31.52,5,23.0,138.0,3.5,Petrol,Sedan,30.0,2015,0.1908481807413596,0.6434254143646407,0.2472563128902734,0.30847145488029426,0.0
BMW ActiveHybrid 5,BMW,22.93,5,23.0,128.0,3.5,Hybrid,Sedan,30.0,2012,0.13307295299204913,0.6400000000000001,0.20002280761774427,0.33333333333333304,0.0
BMW ActiveHybrid 7,BMW,34.32,5,22.9,141.0,3.3,Hybrid,Sedan,30.0,2014,0.20963121130508497,0.633846153846154,0.26261217400457904,0.20512820512820484,0.0
BMW ActiveHybrid X6,BMW,22.97,7,15.1,158.0,3.0,Hybrid,SUV,30.0,2011,0.13337982982284838,0.008000000000000007,0.33711939787889156,0.0,0.0
BMW M3,BMW,33.22,5,21.0,143.0,3.3,Petrol,Sedan,30.0,2015,0.20225166641537065,0.47722543352601154,0.2697627018985034,0.22736030828516363,0.0
BMW M4,BMW,57.65,5,22.5,177.0,4.2,Petrol,Coupe,30.0,2015,0.36646673176175204,0.6000000000000001,0.4273235260577032,0.833333333333333,0.0
BMW M5,BMW,56.78,5,23.7,168.0,3.6,Petrol,Sedan,30.0,2014,0.3606037331936542,0.6987755102040818,0.38603810734009647,0.3741496598639453,0.0
BMW M6,BMW,66.52,5,21.7,180.0,3.6,Petrol,Sedan,30.0,2015,0.42611000260784665,0.537391304347826,0.43959204113304273,0.39855072463768115,0.0
BMW M6 Gran Coupe,BMW,76.23,5,24.0,192.0,3.6,Petrol,Sedan,30.0,2014,0.49138420049286297,0.72,0.49295624738662713,0.3999999999999999,0.0
BMW X1,BMW,23.87,7,17.1,159.0,3.8,Petrol,SUV,30.0,2015,0.13941698459168148,0.16471299093655611,0.3420550077018776,0.5599194360523665,0.0
BMW X3,BMW,23.24,7,16.3,158.0,3.5,Petrol,SUV,30.0,2015,0.13519072278792954,0.10187500000000016,0.3385998736077849,0.32349537037037024,0.0
BMW X4,BMW,42.84,7,17.5,182.0,4.3,Petrol,SUV,30.0,2015,0.26695494490166,0.20000000000000018,0.4463222716387273,0.8666666666666663,0.0
BMW X5,BMW,28.28,7,16.1,164.0,3.5,Petrol,SUV,30.0,2015,0.16902314325150064,0.08584056827150777,0.3662591987649684,0.3159694817153378,0.0
BMW X5 M,BMW,38.02,7,15.8,176.0,3.3,Petrol,SUV,30.0,2013,0.23450441653817297,0.0637837837837838,0.4197926972473671,0.22522522522522515,0.0
BMW X6,BMW,33.74,7,16.2,171.0,3.5,Petrol,SUV,30.0,2014,0.205753004609191,0.09350649350649354,0.3962872950214722,0.3044733044733041,0.0
BMW X6 M,BMW,48.38,7,16.2,188.0,3.5,Petrol,SUV,30.0,2014,0.3041406912239665,0.10000000000000009,0.47672307165978034,0.3589743589743586,0.0
BMW Z4,BMW,28.44,5,21.4,114.0,3.6,Petrol,Sedan,30.0,2015,0.1701050664634552,0.5089932885906041,0.13906753580528108,0.4116331096196868,0.0
BMW i8,BMW,128.0,5,22.0,274.0,3.8,Petrol,Coupe,30.0,2014,0.839432122874723,0.56,0.8687294889826535,0.5185185185185182,0.0
Bentley Continental Flying Spur,Bentley,81.62,5,23.0,198.0,3.5,Petrol,Sedan,30.0,2012,0.5275956665271772,0.6400000000000001,0.5225605352187631,0.33333333333333304,0.0
Bentley Continental Flying Spur Speed,Bentley,87.77,5,22.8,206.0,3.2,Petrol,Sedan,30.0,2012,0.5689775421955644,0.6200000000000001,0.5563918348728475,0.16666666666666652,0.0
Bentley Continental GT,Bentley,97.24,5,21.2,237.0,3.5,Petrol,Coupe,30.0,2013,0.6326354632952486,0.49454545454545484,0.6996651427031174,0.3636363636363633,0.0
Bentley Continental GT Speed,Bentley,79.68,5,20.0,216.0,3.0,Petrol,Coupe,30.0,2010,0.5145766494629657,0.40000000000000013,0.603147451248717,0.0,0.0
Bentley Continental GTC,Bentley,116.15,5,21.3,220.0,3.6,Petrol,Sedan,30.0,2013,0.7597681375056184,0.5066666666666666,0.6211401274692415,0.37037037037037024,0.0
Bentley Continental GTC Speed,Bentley,92.13,5,20.5,191.0,3.5,Petrol,Sedan,30.0,2011,0.5982703305900405,0.44000000000000017,0.48910936252708404,0.33333333333333304,0.0
Bentley Continental Supersports,Bentley,83.83,5,20.0,221.0,3.0,Petrol,Coupe,30.0,2010,0.5424745431719905,0.40000000000000013,0.6259550689930437,0.0,0.0
Bentley Flying Spur,Bentley,127.82,5,24.0,254.0,3.8,Petrol,Sedan,30.0,2014,0.8381922164876552,0.72,0.7764853461055993,0.5,0.0
Buick Enclave,Buick,19.0,7,16.0,153.0,3.4,Petrol,SUV,30.0,2015,0.1066941964345503,0.07816838995568687,0.3153028502952778,0.24322993599212195,0.0
Buick Encore,Buick,15.6,7,16.8,149.0,3.6,Petrol,SUV,30.0,2015,0.0838302908130436,0.14451612903225808,0.29661071443023257,0.40501792114695334,0.0
Buick LaCrosse,Buick,13.51,5,23.1,116.0,3.4,Petrol,Sedan,30.0,2015,0.06974617929357486,0.6492193308550185,0.1482506966992403,0.28996282527881023,0.0
Buick Lucerne,Buick,9.54,5,22.3,111.0,3.0,Petrol,Sedan,30.0,2011,0.043067985209221976,0.5852631578947367,0.1264402310371664,0.029239766081871288,0.0
Buick Regal,Buick,11.55,5,23.2,114.0,3.4,Petrol,Sedan,30.0,2015,0.056571028334169285,0.6519999999999999,0.137479496194282,0.2659574468085104,0.0
Buick Verano,Buick,10.89,5,23.6,113.0,3.6,Petrol,Sedan,30.0,2015,0.05213548151983635,0.6850261780104712,0.1338532634297761,0.3970331588132634,0.0
Cadillac ATS,Cadillac,17.03,5,23.6,121.0,3.6,Petrol,Sedan,30.0,2015,0.09342682597613136,0.6913432835820896,0.1676105502820031,0.376451077943615,0.0
Cadillac CTS,Cadillac,16.16,5,22.8,119.0,3.4,Petrol,Sedan,30.0,2014,0.0875911896206016,0.6260681114551085,0.16283968963280793,0.23374613003095934,0.0
Cadillac CTS Coupe,Cadillac,19.07,5,20.9,143.0,3.4,Petrol,Coupe,30.0,2014,0.10716145994268575,0.4756962025316456,0.2700696209749246,0.2763713080168775,0.0
Cadillac CTS Wagon,Cadillac,14.54,5,20.2,98.0,3.3,Petrol,Wagon,30.0,2012,0.07669928063288366,0.42000000000000015,0.06270465764136651,0.2142857142857144,0.0
Cadillac CTS-V,Cadillac,27.2,5,22.7,133.0,3.3,Petrol,Sedan,30.0,2013,0.16179957824948923,0.6141176470588237,0.22350794577153477,0.19607843137254877,0.0
Cadillac CTS-V Coupe,Cadillac,32.11,5,20.9,159.0,3.4,Petrol,Coupe,30.0,2014,0.1947665145567224,0.4742857142857142,0.3416901748040988,0.24761904761904763,0.0
Cadillac CTS-V Wagon,Cadillac,41.92,5,21.0,130.0,3.5,Petrol,Wagon,30.0,2012,0.26070581671083837,0.48,0.2131371878207321,0.33333333333333304,0.0
Cadillac DTS,Cadillac,10.68,5,22.3,113.0,3.0,Petrol,Sedan,30.0,2011,0.050741682701586174,0.5813698630136988,0.1327137784567991,0.027397260273972712,0.0
Cadillac ELR,Cadillac,33.71,5,22.0,161.0,3.5,Petrol,Coupe,30.0,2014,0.20557957874180505,0.56,0.3505302771125556,0.33333333333333304,0.0
Cadillac Escalade,Cadillac,32.3,7,16.0,169.0,3.4,Petrol,SUV,30.0,2015,0.19606900804337468,0.07766016713091939,0.3883702495909399,0.25069637883008333,0.0
Cadillac Escalade ESV,Cadillac,31.64,7,15.9,168.0,3.3,Petrol,SUV,30.0,2015,0.19164465863703786,0.06820717131474097,0.38475317114481966,0.2058432934926957,0.0
Cadillac Escalade EXT,Cadillac,28.07,5,20.5,114.0,3.2,Petrol,Sedan,30.0,2012,0.16762342135476468,0.43692307692307697,0.13703869400071933,0.1282051282051282,0.0
Cadillac Escalade Hybrid,Cadillac,27.98,7,15.6,164.0,3.3,Hybrid,SUV,30.0,2012,0.1670153903380295,0.046666666666666856,0.3646177823393013,0.22222222222222232,0.0
Cadillac SRX,Cadillac,18.77,7,15.9,153.0,3.4,Petrol,SUV,30.0,2015,0.10511934305233722,0.0753992395437264,0.3140153461446237,0.2553865652724969,0.0
Cadillac STS,Cadillac,12.96,5,22.4,116.0,3.1,Petrol,Sedan,30.0,2011,0.06604494217829411,0.5904761904761904,0.14522479079441097,0.04761904761904745,0.0
Cadillac XTS,Cadillac,25.1,5,23.8,130.0,3.6,Petrol,Sedan,30.0,2015,0.14769958468135658,0.7029677419354838,0.21198065031139757,0.39139784946236533,0.0
Chevrolet Avalanche,Chevrolet,20.61,5,20.5,105.0,3.2,Petrol,Sedan,30.0,2012,0.1174592296542481,0.43895652173913047,0.09602750797027076,0.13043478260869534,0.0
Chevrolet Aveo,Chevrolet,3.93,5,23.2,99.0,3.0,Petrol,Sedan,30.0,2011,0.00537202513499388,0.6542168674698796,0.07034157842454314,0.027108433734939652,0.0
Chevrolet Black Diamond Avalanche,Chevrolet,28.59,5,21.5,114.0,3.6,Petrol,Sedan,30.0,2013,0.1711402931935782,0.52,0.13991387409108935,0.38888888888888884,0.0
Chevrolet Camaro,Chevrolet,16.32,5,21.1,131.0,3.4,Petrol,Sedan,30.0,2015,0.08864637349974122,0.4874608150470221,0.21346441874595523,0.25740160222918806,0.0
Chevrolet Captiva Sport,Chevrolet,11.22,7,16.7,144.0,3.5,Petrol,SUV,30.0,2014,0.05434079144347437,0.13606299212598438,0.27250189689340487,0.3658136482939631,0.0
Chevrolet Cobalt,Chevrolet,4.06,5,21.7,108.0,3.0,Petrol,Sedan,30.0,2010,0.006254897443628275,0.5346175637393769,0.11081691653284154,0.03210576015108568,0.0
Chevrolet Colorado,Chevrolet,10.53,5,20.6,93.0,3.3,Petrol,Sedan,30.0,2015,0.04975193007614273,0.44826568265682654,0.04067414605038966,0.17835178351783476,0.0
Chevrolet Corvette,Chevrolet,34.46,5,21.1,145.0,3.4,Petrol,Coupe,30.0,2015,0.21059579118340985,0.48638036809815977,0.27851255153577115,0.296523517382413,0.0
Chevrolet Corvette Stingray,Chevrolet,45.86,5,22.0,161.0,3.6,Petrol,Sedan,30.0,2014,0.28722115993516834,0.56,0.3510728158426153,0.4218289085545721,0.0
Chevrolet Cruze,Chevrolet,9.24,5,23.6,111.0,3.5,Petrol,Sedan,30.0,2015,0.04107337629468333,0.6846817895400128,0.12480956034400559,0.3482986767485823,0.0
Chevrolet Equinox,Chevrolet,11.99,7,16.2,144.0,3.5,Petrol,SUV,30.0,2015,0.059510191462770215,0.09393096342091711,0.27672808331583976,0.30293663060278186,0.0
Chevrolet Express,Chevrolet,16.52,7,21.6,100.0,3.5,Petrol,MPV,30.0,2015,0.0899755444429611,0.5278969957081547,0.07355852185101924,0.3476394849785409,0.0
Chevrolet Express Cargo,Chevrolet,11.61,7,21.2,94.0,3.5,Petrol,MPV,30.0,2015,0.05699128557899143,0.4986105263157896,0.0465926019290443,0.30105263157894724,0.0
Chevrolet HHR,Chevrolet,4.59,5,20.3,86.0,3.1,Petrol,Wagon,30.0,2011,0.009762009333400334,0.4215185783521811,0.007980823915058388,0.04146472805600432,0.0
Chevrolet Impala,Chevrolet,8.93,5,23.2,111.0,3.4,Petrol,Sedan,30.0,2015,0.03899106499702264,0.6569470404984423,0.12310718952715871,0.29089650398061595,0.0
Chevrolet Impala Limited,Chevrolet,11.5,5,24.0,114.0,3.5,Petrol,Sedan,30.0,2014,0.05623020977342709,0.72,0.1372008637091685,0.349969751966122,0.0
Chevrolet Malibu,Chevrolet,9.02,5,23.2,111.0,3.5,Petrol,Sedan,30.0,2015,0.039571558764139314,0.6527801147227532,0.12358176585472858,0.30101975780752044,0.0
Chevrolet SS,Chevrolet,29.34,5,24.0,135.0,3.7,Petrol,Sedan,30.0,2014,0.17617519877249269,0.72,0.23526057703272885,0.4358974358974357,0.0
Chevrolet Silverado 1500,Chevrolet,18.91,5,21.1,103.0,3.4,Petrol,Sedan,30.0,2015,0.10604136221337473,0.4908723281340268,0.08669295537777211,0.26968996726362393,0.0
Chevrolet Silverado 2500HD,Chevrolet,25.06,5,21.4,110.0,3.5,Petrol,Sedan,30.0,2015,0.14736834698357132,0.50973293768546,0.12047937957865462,0.3466864490603361,0.0
Chevrolet Silverado 3500HD,Chevrolet,28.34,5,21.4,114.0,3.6,Petrol,Sedan,30.0,2015,0.1694362567429438,0.5127868852459017,0.13852075773636263,0.3879781420765025,0.0
Chevrolet Sonic,Chevrolet,7.59,5,24.8,101.0,3.6,Petrol,Sedan,30.0,2015,0.02993192397597089,0.7851710600112172,0.07993536860941386,0.3802579921480649,0.0
Chevrolet Spark,Chevrolet,6.66,5,26.7,88.0,3.6,Petrol,Hatchback,30.0,2015,0.023712793783448236,0.9376397515527952,0.019386135093344803,0.37267080745341596,0.0
Chevrolet Spark EV,Chevrolet,9.55,5,27.0,92.0,3.5,EV,Hatchback,30.0,2014,0.043102245780443596,0.9600000000000002,0.03523776941498458,0.33333333333333304,0.0
Chevrolet Suburban,Chevrolet,27.91,7,16.6,164.0,3.6,Petrol,SUV,30.0,2015,0.16655798852837583,0.12461680517082185,0.3642438384946888,0.37580794090489356,0.0
Chevrolet Tahoe,Chevrolet,27.77,7,16.5,163.0,3.6,Petrol,SUV,30.0,2015,0.16559468847514602,0.11835664335664364,0.3634563030765562,0.37354312354312347,0.0
Chevrolet Tahoe Hybrid,Chevrolet,17.64,7,15.0,151.0,3.0,Hybrid,SUV,30.0,2010,0.09750313851304228,0.0,0.30778880145968746,0.0,0.0
Chevrolet Traverse,Chevrolet,14.32,7,16.1,147.0,3.4,Petrol,SUV,30.0,2015,0.0752224272526088,0.08532276330690824,0.2895734497632514,0.2693469233673085,0.0
Chevrolet Volt,Chevrolet,10.72,5,26.1,93.0,3.5,Petrol,Hatchback,30.0,2014,0.051018962297595546,0.8896442687747037,0.04170999437922934,0.35507246376811574,0.0
Chevrolet malibu,Chevrolet,5.92,5,21.6,103.0,3.1,Petrol,Sedan,30.0,2010,0.018730415750518047,0.5303092783505157,0.08961395167841729,0.04123711340206171,0.0
Chrysler 200,Chrysler,9.25,5,23.5,111.0,3.6,Petrol,Sedan,30.0,2015,0.04110294729594184,0.6791596638655464,0.12217303495828302,0.3870489372219472,0.0
Chrysler 300,Chrysler,16.11,5,23.5,119.0,3.5,Petrol,Sedan,30.0,2014,0.08721693687050794,0.6765824064711832,0.16253372339202554,0.3171553758004717,0.0
Chrysler PT Cruiser,Chrysler,4.29,5,20.0,85.0,3.1,Petrol,Wagon,30.0,2010,0.007802692146742923,0.40000000000000013,0.00637900558786636,0.0625,0.0
Chrysler Sebring,Chrysler,4.8,5,21.7,103.0,3.0,Petrol,Sedan,30.0,2010,0.011181622629596728,0.5381052631578949,0.08788771449664184,0.033333333333333215,0.0
Chrysler Town and Country,Chrysler,14.53,7,21.6,98.0,3.5,Petrol,MPV,30.0,2015,0.07661234729050195,0.5311738100366143,0.062633586238523,0.33922033168210186,0.0
Dodge Avenger,Dodge,8.09,5,23.4,110.0,3.5,Petrol,Sedan,30.0,2014,0.03333036142599656,0.6698671288272675,0.11847934326182796,0.3331407664163297,0.0
Dodge Caliber,Dodge,5.94,5,20.4,87.0,3.1,Petrol,Wagon,30.0,2012,0.018875276040254466,0.42840449438202266,0.01543127539429634,0.08838951310861409,0.0
Dodge Challenger,Dodge,17.5,5,21.3,141.0,3.5,Petrol,Coupe,30.0,2015,0.09658518825664279,0.5009315068493152,0.2614231057830849,0.305327245053272,0.0
Dodge Charger,Dodge,13.23,5,23.3,116.0,3.4,Petrol,Sedan,30.0,2015,0.06788620068076613,0.6677577319587631,0.14673009153614003,0.2869415807560136,0.0
Dodge Dakota,Dodge,8.91,5,20.0,91.0,3.1,Petrol,Sedan,30.0,2010,0.038824568745059754,0.40000000000000013,0.03174060136085449,0.03703703703703676,0.0
Dodge Dart,Dodge,9.68,5,23.7,112.0,3.6,Petrol,Sedan,30.0,2015,0.04401906238357485,0.6927361246348589,0.12721777377441523,0.39272963323596244,0.0
Dodge Durango,Dodge,21.65,7,16.5,156.0,3.5,Petrol,SUV,30.0,2015,0.12445761159191776,0.12015732546706004,0.32982513599070107,0.3398885611274993,0.0
Dodge Grand Caravan,Dodge,10.77,7,21.4,93.0,3.5,Petrol,MPV,30.0,2015,0.05133831201283136,0.5140337146297413,0.041971075244610356,0.3224964880594019,0.0
Dodge Journey,Dodge,11.25,7,16.3,144.0,3.5,Petrol,SUV,30.0,2015,0.0545533541420494,0.10618813751416711,0.2726756752017736,0.30084372245309154,0.0
Dodge Nitro,Dodge,9.79,7,15.4,142.0,3.0,Petrol,SUV,30.0,2011,0.04474822150927606,0.03180952380952373,0.264659596305166,0.02857142857142847,0.0
Dodge Ram Pickup 1500,Dodge,13.9,5,20.0,97.0,3.0,Petrol,Sedan,30.0,2010,0.07234497990652367,0.40000000000000013,0.05914484672709175,0.03254177660510127,0.0
Dodge Ram Pickup 2500,Dodge,19.42,5,20.0,103.0,3.0,Petrol,Sedan,30.0,2010,0.1094927449256651,0.40000000000000013,0.089514595549332,0.015503875968992276,0.0
Dodge Ram Pickup 3500,Dodge,25.48,5,20.0,111.0,3.0,Petrol,Sedan,30.0,2010,0.15019211504076896,0.40000000000000013,0.12278792025627461,0.030303030303030276,0.0
FIAT 500,FIAT,7.56,5,25.8,89.0,3.6,Petrol,Hatchback,30.0,2015,0.029765119268504208,0.8614721723518854,0.024334147569381515,0.38240574506283664,0.0
FIAT 500L,FIAT,10.48,5,22.0,93.0,3.6,Petrol,Wagon,30.0,2014,0.04939344948308862,0.56,0.040381074164016706,0.3781420765027321,0.0
FIAT 500e,FIAT,11.73,5,26.7,94.0,3.7,Petrol,Hatchback,30.0,2014,0.05779513646719672,0.9333333333333333,0.04724978142699654,0.4444444444444442,0.0
Ferrari 458 Italia,Ferrari,151.89,5,20.5,303.0,3.0,Petrol,Coupe,30.0,2011,1.0,0.44000000000000017,0.9999999999999999,0.0,0.0
Ferrari California,Ferrari,109.43,5,20.5,212.0,3.4,Petrol,Sedan,30.0,2012,0.7145830874384369,0.44307692307692337,0.5841995841995842,0.2564102564102564,0.0
Fisker Karma,Fisker,38.56,5,23.0,146.0,3.6,Petrol,Sedan,30.0,2012,0.2381705181258815,0.6400000000000001,0.28594417202012135,0.40740740740740744,0.0
Ford C-Max Energi,Ford,10.16,5,21.5,92.0,3.6,Petrol,Wagon,30.0,2014,0.0472225500820842,0.5215384615384617,0.03860627911260822,0.383190883190883,0.0
Ford C-Max Hybrid,Ford,12.63,5,21.6,95.0,3.5,Hybrid,Wagon,30.0,2014,0.06385402248284101,0.5287179487179487,0.052203157393030775,0.3664529914529915,0.0
Ford Crown Victoria,Ford,8.23,5,22.5,110.0,3.0,Petrol,Sedan,30.0,2011,0.034244664527828164,0.6000000000000001,0.11922682175846733,0.03125,0.0
Ford E-Series Van,Ford,15.87,7,21.7,99.0,3.5,Petrol,MPV,30.0,2014,0.08562065693568129,0.5382875960482987,0.06999823122042403,0.3532747896084887,0.0
Ford E-Series Wagon,Ford,16.11,7,21.7,99.0,3.5,Petrol,MPV,30.0,2014,0.08720445043216712,0.5325429017160688,0.0712930442636795,0.34711388455538206,0.0
Ford Edge,Ford,16.81,7,16.3,150.0,3.5,Petrol,SUV,30.0,2014,0.09195125041104907,0.10119019836639453,0.3032499160904105,0.33203682095164,0.0
Ford Escape,Ford,12.98,7,16.3,146.0,3.5,Petrol,SUV,30.0,2015,0.06616639755875113,0.1067648229208118,0.28216979177770396,0.3402307998408274,0.0
Ford Escape Hybrid,Ford,11.74,7,15.2,144.0,3.1,Hybrid,SUV,30.0,2011,0.05782701977429276,0.020000000000000018,0.27535202471911335,0.04761904761904745,0.0
Ford Expedition,Ford,24.23,7,16.5,159.0,3.5,Petrol,SUV,30.0,2015,0.14185014997779885,0.11716030534351152,0.34404421543971253,0.33231552162849853,0.0
Ford Explorer,Ford,20.86,7,16.5,155.0,3.6,Petrol,SUV,30.0,2015,0.11918996008426508,0.12103935804356136,0.3255186251390234,0.3690612660807542,0.0
Ford Explorer Sport Trac,Ford,14.36,5,20.0,97.0,3.1,Petrol,Sedan,30.0,2010,0.07545112162213571,0.40000000000000013,0.06168423889942881,0.07575757575757569,0.0
Ford F-150,Ford,19.65,5,21.1,104.0,3.4,Petrol,Sedan,30.0,2015,0.1110135693925503,0.48772265148434313,0.0907579289514418,0.2673851159007725,0.0
Ford F-250 Super Duty,Ford,24.24,5,21.1,109.0,3.4,Petrol,Sedan,30.0,2015,0.14188128763103033,0.48714060031595596,0.11599349424413913,0.2827804107424958,0.0
Ford F-350 Super Duty,Ford,25.89,5,21.0,111.0,3.4,Petrol,Sedan,30.0,2015,0.15300740100480797,0.4780732177263969,0.12508952649144356,0.25561978163134214,0.0
Ford F-450 Super Duty,Ford,28.1,5,20.6,114.0,3.2,Petrol,Sedan,30.0,2012,0.1678569278545786,0.4463157894736842,0.1372295946846246,0.14035087719298245,0.0
Ford Fiesta,Ford,7.68,5,25.0,99.0,3.5,Petrol,Hatchback,30.0,2015,0.03059079254343593,0.802173546756529,0.06947153289383995,0.340353833192923,0.0
Ford Flex,Ford,16.91,5,21.2,100.0,3.4,Petrol,Wagon,30.0,2014,0.0926390639859632,0.49681214421252395,0.0757360531092906,0.2912713472485766,0.0
Ford Focus,Ford,8.68,5,24.4,104.0,3.5,Petrol,Hatchback,30.0,2015,0.037265536670085156,0.7551904169962709,0.09082928268727708,0.3490789919764943,0.0
Ford Focus ST,Ford,15.29,5,26.7,98.0,3.6,Petrol,Hatchback,30.0,2014,0.08174082856744316,0.93875,0.0668263199908769,0.375,0.0
Ford Fusion,Ford,10.81,5,23.4,113.0,3.5,Petrol,Sedan,30.0,2015,0.05161018706724006,0.66939254294093,0.13342381469780407,0.34419773774612494,0.0
Ford Fusion Energi,Ford,17.3,5,23.6,121.0,3.6,Petrol,Sedan,30.0,2015,0.09522754561442377,0.6901960784313728,0.16908270891889654,0.39869281045751626,0.0
Ford Fusion Hybrid,Ford,13.62,5,23.6,116.0,3.5,Hybrid,Sedan,30.0,2015,0.07048083019264756,0.6879127725856697,0.1488513025032604,0.32606438213914846,0.0
Ford Mustang,Ford,14.37,5,21.6,118.0,3.5,Petrol,Coupe,30.0,2015,0.07552683857003843,0.5279182050553821,0.15787367449344958,0.35113130739373277,0.0
Ford Ranger,Ford,9.02,5,20.4,91.0,3.1,Petrol,Sedan,30.0,2011,0.039598022058936436,0.4280093676814989,0.03237292965452332,0.03669008587041356,0.0
Ford Shelby GT500,Ford,39.07,5,21.3,166.0,3.4,Petrol,Coupe,30.0,2014,0.24155771693782582,0.5004545454545455,0.3737235509387409,0.29924242424242387,0.0
Ford Taurus,Ford,12.73,5,23.4,115.0,3.5,Petrol,Sedan,30.0,2015,0.06451984721014649,0.6727814779575008,0.1439779660907219,0.32709588751453644,0.0
Ford Transit Connect,Ford,9.32,7,20.8,91.0,3.3,Petrol,MPV,30.0,2014,0.04156167539822847,0.4606008583690988,0.03397829295585586,0.18454935622317592,0.0
Ford Transit Van,Ford,19.77,7,22.5,104.0,4.1,Petrol,MPV,30.0,2015,0.1118632122222141,0.6000000000000001,0.09145254515008017,0.736842105263158,0.0
Ford Transit Wagon,Ford,23.71,7,22.5,109.0,4.1,Petrol,MPV,30.0,2015,0.1383161159567747,0.6000000000000001,0.11307882715179807,0.7058823529411762,0.0
GMC Acadia,GMC,18.65,7,15.9,152.0,3.4,Petrol,SUV,30.0,2015,0.1043278736189184,0.07269480519480531,0.3133682889695548,0.25135281385281383,0.0
GMC Canyon,GMC,13.45,5,20.5,96.0,3.3,Petrol,Sedan,30.0,2012,0.06934220752047507,0.44000000000000017,0.05668996301907692,0.21904761904761916,0.0
GMC Savana,GMC,17.26,7,21.6,101.0,3.5,Petrol,MPV,30.0,2014,0.09494160463612271,0.5272727272727273,0.07761847002353334,0.30303030303030276,0.0
GMC Savana Cargo,GMC,17.0,7,22.0,100.0,3.6,Petrol,MPV,30.0,2014,0.09321907378101581,0.5583386581469649,0.07621023377079506,0.36954206602768913,0.0
GMC Sierra 1500,GMC,20.73,5,21.1,105.0,3.4,Petrol,Sedan,30.0,2015,0.11826455943777964,0.485178826895565,0.09668589652291504,0.27062470195517374,0.0
GMC Sierra 2500HD,GMC,27.0,5,21.0,113.0,3.4,Petrol,Sedan,30.0,2015,0.16041176391182466,0.48177419354838724,0.1311428823678722,0.264784946236559,0.0
GMC Sierra 3500HD,GMC,30.56,5,21.2,117.0,3.4,Petrol,Sedan,30.0,2015,0.18434928162923703,0.4950000000000001,0.15071273805451024,0.2916666666666665,0.0
GMC Terrain,GMC,14.48,7,16.2,147.0,3.4,Petrol,SUV,30.0,2015,0.07630417741488688,0.0940140845070423,0.29045782277196064,0.294894366197183,0.0
GMC Yukon,GMC,26.38,7,16.2,162.0,3.4,Petrol,SUV,30.0,2015,0.15625199961525044,0.09262086513994916,0.35581829002642595,0.2934690415606447,0.0
GMC Yukon Hybrid,GMC,23.43,7,15.4,158.0,3.1,Hybrid,SUV,30.0,2011,0.13644859813084115,0.03200000000000003,0.3396282358307674,0.06666666666666643,0.0
GMC Yukon XL,GMC,25.07,7,16.3,160.0,3.5,Petrol,SUV,30.0,2015,0.14748694928078387,0.107792207792208,0.3486525190322658,0.3275613275613276,0.0
HUMMER H3,HUMMER,15.58,7,15.0,149.0,3.3,Petrol,SUV,30.0,2010,0.08364718463755987,0.0,0.29646101798000535,0.22222222222222232,0.0
Honda Accord,Honda,11.59,5,22.8,116.0,3.5,Petrol,Sedan,30.0,2015,0.05684661370679944,0.6244646098003632,0.14774953225181808,0.3184109699536197,0.0
Honda Accord Crosstour,Honda,12.04,5,25.2,95.0,3.1,Petrol,Hatchback,30.0,2011,0.05985019357453608,0.8128301886792453,0.04892987087876022,0.04088050314465397,0.0
Honda Accord Hybrid,Honda,21.23,5,24.0,126.0,3.6,Hybrid,Sedan,30.0,2014,0.12163481657134889,0.72,0.19067168434257042,0.3999999999999999,0.0
Honda CR-V,Honda,14.62,7,16.0,148.0,3.4,Petrol,SUV,30.0,2015,0.07722388777920866,0.07931347804139333,0.2912097219168829,0.26602725896012114,0.0
Honda CR-Z,Honda,8.5,5,25.8,90.0,3.3,Petrol,Hatchback,30.0,2014,0.03606319389552756,0.8666666666666665,0.02948306956745772,0.20061728395061706,0.0
Honda Civic,Honda,9.75,5,22.8,115.0,3.5,Petrol,Sedan,30.0,2015,0.04445956204028251,0.6200177856825255,0.14191759330853493,0.32821994960723266,0.0
Honda Crosstour,Honda,14.97,5,26.1,98.0,3.6,Petrol,Hatchback,30.0,2014,0.07958990096247734,0.8854666666666666,0.0650678526627893,0.37555555555555564,0.0
Honda Element,Honda,11.19,7,15.2,143.0,3.0,Petrol,SUV,30.0,2011,0.05418294043799694,0.016250000000000098,0.2723728475310754,0.03125,0.0
Honda Fit,Honda,9.27,5,26.0,91.0,3.4,Petrol,Hatchback,30.0,2015,0.04123028674160381,0.8838661710037174,0.03370736978567196,0.29615861214374206,0.0
Honda Insight,Honda,7.83,5,25.7,89.0,3.3,Petrol,Hatchback,30.0,2014,0.03155611751312776,0.8593548387096777,0.025798358587252046,0.2073732718894008,0.0
Honda Odyssey,Honda,16.77,7,21.0,100.0,3.5,Petrol,MPV,30.0,2015,0.09166816165593199,0.4804274041483345,0.07494230253294287,0.31217263775403303,0.0
Honda Pilot,Honda,18.61,7,16.0,152.0,3.4,Petrol,SUV,30.0,2015,0.10403105650269168,0.08282033898305086,0.31312562938394295,0.287457627118644,0.0
Honda Ridgeline,Honda,19.54,5,21.0,104.0,3.4,Petrol,Sedan,30.0,2014,0.11031054910456303,0.48081632653061246,0.09018318240741385,0.2857142857142856,0.0
Hyundai Accent,Hyundai,7.22,5,24.0,105.0,3.5,Petrol,Sedan,30.0,2015,0.02745391960436679,0.7191448931116391,0.09476809501404349,0.32759303246239124,0.0
Hyundai Azera,Hyundai,17.73,5,23.6,121.0,3.6,Petrol,Sedan,30.0,2014,0.09813890683906426,0.6862585034013606,0.171462860432119,0.4240362811791383,0.0
Hyundai Elantra,Hyundai,9.12,5,23.4,111.0,3.5,Petrol,Sedan,30.0,2015,0.04022350152506067,0.6703319576529698,0.12411475452539167,0.3504994317841974,0.0
Hyundai Elantra Coupe,Hyundai,10.17,5,21.5,132.0,3.5,Petrol,Coupe,30.0,2014,0.04732484930397464,0.5227184466019419,0.22115085467672413,0.3624595469255665,0.0
Hyundai Elantra GT,Hyundai,10.79,5,26.7,93.0,3.6,Petrol,Hatchback,30.0,2014,0.05145794961868136,0.9356734693877551,0.042068883660203726,0.3823129251700679,0.0
Hyundai Elantra Touring,Hyundai,6.37,5,25.5,88.0,3.2,Petrol,Hatchback,30.0,2012,0.021747780173744426,0.8386885245901639,0.01777965971782114,0.15573770491803263,0.0
Hyundai Equus,Hyundai,27.41,5,23.4,133.0,3.5,Petrol,Sedan,30.0,2015,0.16322803991934975,0.6681818181818182,0.22467576897956643,0.3611111111111107,0.0
Hyundai Genesis,Hyundai,15.39,5,23.2,119.0,3.6,Petrol,Sedan,30.0,2015,0.082364572782261,0.6546246973365619,0.15856672622602674,0.3672316384180787,0.0
Hyundai Genesis Coupe,Hyundai,13.08,5,21.1,136.0,3.4,Petrol,Coupe,30.0,2015,0.06688377680546344,0.4861224489795919,0.23714104184266938,0.28344671201814053,0.0
Hyundai Santa Fe,Hyundai,13.29,7,16.0,146.0,3.4,Petrol,SUV,30.0,2015,0.06830201895843821,0.08038043478260892,0.28391574568514577,0.2540760869565215,0.0
Hyundai Santa Fe Sport,Hyundai,16.46,7,17.0,150.0,3.6,Petrol,SUV,30.0,2015,0.0896082181321626,0.16368421052631588,0.3013343956881598,0.42105263157894735,0.0
Hyundai Sonata,Hyundai,10.07,5,23.2,112.0,3.5,Petrol,Sedan,30.0,2015,0.04662624798335796,0.6593780798640612,0.12934924983381157,0.3218918153497592,0.0
Hyundai Sonata Hybrid,Hyundai,12.92,5,23.4,116.0,3.6,Hybrid,Sedan,30.0,2015,0.06581981741697185,0.6756776556776558,0.14504074250909693,0.3797313797313797,0.0
Hyundai Tucson,Hyundai,12.72,7,16.3,145.0,3.4,Petrol,SUV,30.0,2015,0.06443354615835416,0.10191419141914193,0.28075311807609094,0.2981298129812977,0.0
Hyundai Veloster,Hyundai,11.07,5,26.4,93.0,3.6,Petrol,Hatchback,30.0,2015,0.053351968636894245,0.9119078947368424,0.0436173181842735,0.39802631578947345,0.0
Hyundai Veracruz,Hyundai,11.64,7,15.6,144.0,3.2,Petrol,SUV,30.0,2012,0.05719435287898923,0.045263157894736894,0.27483479482147033,0.1578947368421053,0.0
Infiniti EX,Infiniti,18.57,7,15.7,152.0,3.2,Petrol,SUV,30.0,2013,0.10378305058657727,0.05462068965517264,0.3129228748608932,0.15172413793103434,0.0
Infiniti EX35,Infiniti,13.24,7,15.0,146.0,3.1,Petrol,SUV,30.0,2010,0.06793137118147581,0.0,0.28361272665070125,0.08333333333333304,0.0
Infiniti FX,Infiniti,22.7,7,16.0,157.0,3.4,Petrol,SUV,30.0,2013,0.1315443749986724,0.0767512690355332,0.3356188418708498,0.24873096446700504,0.0
Infiniti FX35,Infiniti,16.66,7,15.0,150.0,3.1,Petrol,SUV,30.0,2010,0.09095194347309538,0.0,0.3024329436376576,0.04597701149425282,0.0
Infiniti FX50,Infiniti,22.53,7,15.0,157.0,3.0,Petrol,SUV,30.0,2010,0.13042265308969175,0.0,0.33470179039799297,0.0,0.0
Infiniti G Convertible,Infiniti,21.8,5,20.8,106.0,3.3,Petrol,Sedan,30.0,2013,0.12546667432491201,0.4661300309597525,0.10257390674367589,0.21155830753353966,0.0
Infiniti G Coupe,Infiniti,18.62,5,21.0,142.0,3.4,Petrol,Coupe,30.0,2013,0.1041301579470863,0.4839673571876961,0.26759141319679114,0.28562460765850606,0.0
Infiniti G Sedan,Infiniti,16.55,5,23.1,120.0,3.4,Petrol,Sedan,30.0,2013,0.09021181392108658,0.6464985843332884,0.1649821523549172,0.2929755966023997,0.0
Infiniti G37 Convertible,Infiniti,16.75,5,20.0,100.0,3.0,Petrol,Sedan,30.0,2010,0.09151904031245642,0.40000000000000013,0.07482039001026336,0.033333333333333215,0.0
Infiniti G37 Coupe,Infiniti,12.89,5,20.0,136.0,3.0,Petrol,Coupe,30.0,2010,0.06558329846096621,0.40000000000000013,0.23607785000190062,0.02777777777777768,0.0
Infiniti JX,Infiniti,25.05,7,16.5,160.0,3.5,Petrol,SUV,30.0,2013,0.1473026288999653,0.1200000000000001,0.3485018299217528,0.3633540372670807,0.0
Infiniti M,Infiniti,20.87,5,23.1,125.0,3.6,Petrol,Sedan,30.0,2013,0.11922730911767165,0.6447661469933188,0.1887034529666538,0.36933927245731235,0.0
Infiniti M35,Infiniti,12.84,5,22.0,115.0,3.0,Petrol,Sedan,30.0,2010,0.06527034131999958,0.56,0.14459152433835976,0.02564102564102555,0.0
Infiniti M37,Infiniti,17.9,5,22.5,122.0,3.1,Petrol,Sedan,30.0,2011,0.09927601866059114,0.6000000000000001,0.17239249375958232,0.03703703703703676,0.0
Infiniti M56,Infiniti,19.96,5,22.5,124.0,3.1,Petrol,Sedan,30.0,2011,0.11309806109638723,0.6000000000000001,0.18369255331280643,0.06666666666666643,0.0
Infiniti Q50,Infiniti,24.4,5,24.0,129.0,3.6,Petrol,Sedan,30.0,2014,0.14297342376253563,0.72,0.20811682916565377,0.38095238095238093,0.0
Infiniti Q60 Convertible,Infiniti,30.36,5,22.0,117.0,3.6,Petrol,Sedan,30.0,2014,0.18302346744249384,0.56,0.1496288331731369,0.41269841269841256,0.0
Infiniti Q60 Coupe,Infiniti,24.62,5,22.0,150.0,3.6,Petrol,Coupe,30.0,2015,0.14443359526355762,0.5611111111111111,0.30054104737649046,0.37037037037037024,0.0
Infiniti Q70,Infiniti,26.95,5,24.0,132.0,3.6,Petrol,Sedan,30.0,2014,0.16007288324731486,0.72,0.2220963051659255,0.375,0.0
Infiniti QX,Infiniti,33.67,7,16.2,171.0,3.6,Petrol,SUV,30.0,2013,0.20530948482109984,0.09763033175355451,0.3959247002716917,0.3712480252764614,0.0
Infiniti QX50,Infiniti,26.84,7,17.0,162.0,3.6,Petrol,SUV,30.0,2014,0.15934346956804762,0.16000000000000014,0.3583456874596115,0.37037037037037024,0.0
Infiniti QX56,Infiniti,26.0,7,15.4,161.0,3.1,Petrol,SUV,30.0,2011,0.153733766340078,0.02892018779342731,0.35375953596670295,0.04068857589984365,0.0
Infiniti QX60,Infiniti,28.76,7,17.0,165.0,3.6,Petrol,SUV,30.0,2015,0.172303062594184,0.16087431693989074,0.36894066093485056,0.3916211293260474,0.0
Infiniti QX70,Infiniti,27.96,7,17.0,164.0,3.6,Petrol,SUV,30.0,2015,0.1668962828922855,0.16109589041095895,0.36452040735030156,0.38812785388127846,0.0
Infiniti QX80,Infiniti,45.62,7,17.0,185.0,3.6,Petrol,SUV,30.0,2015,0.2856431176180893,0.16122448979591852,0.4616005827579065,0.425170068027211,0.0
Jaguar F-TYPE,Jaguar,61.25,5,22.2,164.0,3.8,Petrol,Sedan,30.0,2015,0.3906527749462609,0.5723076923076924,0.36615875856382185,0.5128205128205128,0.0
Jaguar XF,Jaguar,22.12,5,22.8,127.0,3.3,Petrol,Sedan,30.0,2015,0.1276116265678689,0.6242214532871972,0.19555795995724168,0.21568627450980404,0.0
Jaguar XJ,Jaguar,33.54,5,22.9,140.0,3.3,Petrol,Sedan,30.0,2014,0.2043730537781018,0.631924882629108,0.25831342485291486,0.20970266040688568,0.0
Jaguar XK,Jaguar,37.96,5,20.8,146.0,3.3,Petrol,Sedan,30.0,2014,0.23410198192687057,0.46650602409638564,0.28371714706928974,0.20883534136546178,0.0
Jeep Cherokee,Jeep,18.26,7,17.0,152.0,3.7,Petrol,SUV,30.0,2015,0.10171364355753719,0.16362173038229377,0.31123105378765925,0.43796109993293086,0.0
Jeep Commander,Jeep,10.85,7,15.0,143.0,3.1,Petrol,SUV,30.0,2010,0.051890082298786444,0.0,0.27049834644771353,0.06060606060606055,0.0
Jeep Compass,Jeep,11.62,7,16.6,144.0,3.5,Petrol,SUV,30.0,2015,0.05708110537654408,0.129148148148148,0.27474221056499537,0.3382716049382717,0.0
Jeep Grand Cherokee,Jeep,21.6,7,16.3,156.0,3.5,Petrol,SUV,30.0,2015,0.12412640521033333,0.1036004832863473,0.329554361837482,0.32554705329574407,0.0
Jeep Grand Cherokee SRT,Jeep,50.63,7,17.5,191.0,4.0,Petrol,SUV,30.0,2015,0.31929139349979085,0.20000000000000018,0.48910936252708404,0.6666666666666665,0.0
Jeep Liberty,Jeep,10.7,7,15.8,143.0,3.4,Petrol,SUV,30.0,2012,0.050899547824097,0.060507399577167,0.2696885458263144,0.26427061310782207,0.0
Jeep Patriot,Jeep,10.41,7,16.5,143.0,3.5,Petrol,SUV,30.0,2015,0.04894396683576706,0.11879298245614023,0.2680897819871838,0.32304093567251435,0.0
Jeep Wrangler,Jeep,21.11,7,16.1,155.0,3.5,Petrol,SUV,30.0,2015,0.1208180411132953,0.09169329073482446,0.3268496449699183,0.3245473908413201,0.0
Kia Cadenza,Kia,17.3,5,24.1,121.0,3.7,Petrol,Sedan,30.0,2015,0.09521209516028481,0.7294693877551022,0.16907007756917347,0.4598639455782312,0.0
Kia Forte,Kia,8.52,5,23.5,108.0,3.5,Petrol,Sedan,30.0,2015,0.0362244884341716,0.6770898508548564,0.1122832146926524,0.3261792166848547,0.0
Kia K900,Kia,32.0,5,24.5,139.0,4.1,Petrol,Sedan,30.0,2015,0.19407101157305248,0.76,0.24989110297265515,0.7158469945355188,0.0
Kia Optima,Kia,11.81,5,23.5,114.0,3.5,Petrol,Sedan,30.0,2015,0.05834333625979629,0.6811225997045791,0.13892842714636555,0.35992122107336266,0.0
Kia Rio,Kia,7.92,5,24.0,106.0,3.5,Petrol,Sedan,30.0,2015,0.03217565528348065,0.7218181818181819,0.10346569156695745,0.3484848484848486,0.0
Kia Sedona,Kia,10.5,7,21.3,93.0,3.6,Petrol,MPV,30.0,2015,0.04952698577750887,0.5066666666666666,0.040490245300371874,0.3730158730158726,0.0
Kia Sorento,Kia,13.91,7,16.7,147.0,3.7,Petrol,SUV,30.0,2015,0.07247761625339523,0.13761068165846813,0.2873294595644419,0.45748418833450444,0.0
Kia Soul,Kia,9.42,5,21.5,91.0,3.5,Petrol,Wagon,30.0,2015,0.04228659357662698,0.5162654996353027,0.03457094188058374,0.34111354242645264,0.0
Kia Sportage,Kia,12.74,7,16.6,145.0,3.5,Petrol,SUV,30.0,2015,0.06455211537712273,0.1251599147121536,0.28085005304351607,0.3457711442786069,0.0
Land Rover LR2,Land Rover,16.26,7,15.6,150.0,3.2,Petrol,SUV,30.0,2014,0.08823580694657554,0.04500000000000015,0.30021239594024407,0.13541666666666652,0.0
Land Rover LR4,Land Rover,32.39,7,16.0,169.0,3.4,Petrol,SUV,30.0,2014,0.19668094773130346,0.07931428571428567,0.3888705341869899,0.2590476190476192,0.0
Land Rover Range Rover,Land Rover,43.35,7,15.8,182.0,3.3,Petrol,SUV,30.0,2014,0.27034802622402015,0.06562500000000004,0.4490962481468811,0.21354166666666652,0.0
Land Rover Range Rover Evoque,Land Rover,29.79,7,16.4,166.0,3.6,EV,SUV,30.0,2015,0.17919593097211228,0.1091390728476822,0.3745758500557729,0.39955849889624684,0.0
Land Rover Range Rover Sport,Land Rover,34.65,7,15.9,172.0,3.3,Petrol,SUV,30.0,2015,0.2118714334365053,0.07005405405405418,0.4012893495616724,0.19939939939939944,0.0
Lexus CT 200h,Lexus,16.49,5,26.2,100.0,3.5,Petrol,Hatchback,30.0,2015,0.08978110987571895,0.8937864077669906,0.07339956399806469,0.33495145631067924,0.0
Lexus ES 300h,Lexus,24.46,5,23.6,129.0,3.5,Petrol,Sedan,30.0,2014,0.1433835495420096,0.6861111111111111,0.208452123009085,0.35185185185185164,0.0
Lexus ES 350,Lexus,19.13,5,23.0,123.0,3.4,Petrol,Sedan,30.0,2015,0.10756914795199535,0.6438203848895225,0.17917245086872557,0.29151817533856006,0.0
Lexus GS 350,Lexus,25.96,5,23.4,131.0,3.5,Petrol,Sedan,30.0,2015,0.15347681914572414,0.674367088607595,0.21670376513350387,0.34599156118143437,0.0
Lexus GS 450h,Lexus,29.58,5,23.4,136.0,3.5,Petrol,Sedan,30.0,2014,0.17777932766076165,0.6700000000000002,0.2365720150530276,0.33333333333333304,0.0
Lexus GX 460,Lexus,30.9,7,16.0,167.0,3.4,Petrol,SUV,30.0,2015,0.18664700426012779,0.07828793774319065,0.3806673934930843,0.24773022049286642,0.0
Lexus HS 250h,Lexus,13.77,5,22.1,117.0,3.0,Petrol,Sedan,30.0,2012,0.07147672850699772,0.5694444444444446,0.14966548827308312,0.023148148148147918,0.0
Lexus IS 250,Lexus,18.83,5,23.1,123.0,3.5,Petrol,Sedan,30.0,2015,0.10548957824670985,0.6506332842415317,0.17747232141072666,0.3090328915071181,0.0
Lexus IS 250 C,Lexus,21.55,5,20.7,106.0,3.3,Petrol,Sedan,30.0,2014,0.12378295438694378,0.4585600000000001,0.10119739993157711,0.21066666666666656,0.0
Lexus IS 350,Lexus,23.96,5,23.3,129.0,3.4,Petrol,Sedan,30.0,2015,0.14001572426736325,0.6663636363636363,0.20569879430638927,0.2954545454545454,0.0
Lexus IS 350 C,Lexus,24.37,5,20.9,109.0,3.4,Petrol,Sedan,30.0,2014,0.1427305473730851,0.4682352941176471,0.11668779725369449,0.27450980392156854,0.0
Lexus IS F,Lexus,31.31,5,22.7,138.0,3.3,Petrol,Sedan,30.0,2013,0.1893918259171433,0.615,0.2460656859391036,0.20833333333333304,0.0
Lexus LS 460,Lexus,31.85,5,22.9,138.0,3.4,Petrol,Sedan,30.0,2014,0.19307770420329853,0.6282593856655292,0.249079035401237,0.23435722411831605,0.0
Lexus LX 570,Lexus,48.4,7,16.3,188.0,3.4,Petrol,SUV,30.0,2015,0.3043013087563436,0.10185567010309282,0.47685438276590575,0.28865979381443285,0.0
Lexus RC 350,Lexus,38.16,5,22.5,166.0,4.3,Petrol,Coupe,30.0,2015,0.23545822290417076,0.6000000000000001,0.37495723571672934,0.8888888888888884,0.0
Lexus RC F,Lexus,53.42,5,22.5,184.0,4.2,Petrol,Coupe,30.0,2015,0.33803877807225563,0.6000000000000001,0.4588208461626182,0.7999999999999998,0.0
Lexus RX 350,Lexus,23.58,7,16.1,158.0,3.5,Petrol,SUV,30.0,2015,0.13748275048712086,0.08478728377746636,0.3404736957739958,0.31229546517064044,0.0
Lexus RX 450h,Lexus,25.2,7,15.9,160.0,3.4,Petrol,SUV,30.0,2014,0.14830865101145538,0.07415730337078674,0.34932429229115325,0.2621722846441945,0.0
Lincoln MKC,Lincoln,27.35,7,17.5,163.0,4.1,Petrol,SUV,30.0,2015,0.16282605663272426,0.20000000000000018,0.3611928384080283,0.75,0.0
Lincoln MKS,Lincoln,18.91,5,23.5,123.0,3.5,Petrol,Sedan,30.0,2014,0.10606823032769772,0.6764005069708492,0.17794539208795357,0.34643008027038436,0.0
Lincoln MKT,Lincoln,19.56,5,21.2,104.0,3.4,Petrol,Wagon,30.0,2014,0.11043580495386884,0.4922077922077921,0.09028558395647007,0.2640692640692639,0.0
Lincoln MKX,Lincoln,21.07,7,16.2,155.0,3.5,Petrol,SUV,30.0,2015,0.1205945734937516,0.0970409233997902,0.32666695146273284,0.3133962924099336,0.0
Lincoln MKZ,Lincoln,15.65,5,23.3,119.0,3.5,Petrol,Sedan,30.0,2015,0.08414023341237738,0.6641066666666666,0.1600183981449803,0.34799999999999986,0.0
Lincoln MKZ Hybrid,Lincoln,10.83,5,22.5,113.0,3.0,Hybrid,Sedan,30.0,2011,0.051725231108687666,0.6000000000000001,0.1335178676950829,0.0,0.0
Lincoln Navigator,Lincoln,26.69,7,16.3,162.0,3.5,Petrol,SUV,30.0,2015,0.15838806699505953,0.10444444444444456,0.3575646085400367,0.3071895424836599,0.0
Lincoln Town Car,Lincoln,11.33,5,22.3,114.0,3.1,Petrol,Sedan,30.0,2011,0.05509169771967931,0.582857142857143,0.13627008563717424,0.05555555555555536,0.0
MINI Cooper,MINI,11.1,5,25.4,93.0,3.5,Petrol,Hatchback,30.0,2015,0.0535713086893414,0.8353857906799085,0.043796637244142844,0.304558186911128,0.0
MINI Cooper Clubman,MINI,11.97,5,26.1,94.0,3.4,Petrol,Hatchback,30.0,2014,0.05938340985799506,0.888200836820084,0.04854825695882842,0.2859135285913528,0.0
MINI Cooper Countryman,MINI,15.83,5,21.3,99.0,3.5,Petrol,Wagon,30.0,2015,0.08533002143880308,0.5071485943775103,0.06976062535007171,0.34069611780455133,0.0
MINI Cooper Coupe,MINI,13.11,5,26.2,96.0,3.6,Petrol,Hatchback,30.0,2014,0.06704436122765041,0.8964102564102563,0.05481138392530793,0.41025641025641013,0.0
MINI Cooper Paceman,MINI,16.89,5,26.9,100.0,3.7,Petrol,Hatchback,30.0,2015,0.09249701647525613,0.9524444444444444,0.07561992372118953,0.4629629629629628,0.0
MINI Cooper Roadster,MINI,16.26,5,21.6,100.0,3.7,Petrol,Sedan,30.0,2015,0.08824873377232435,0.5282758620689656,0.0721467866819242,0.4482758620689653,0.0
Maserati Ghibli,Maserati,48.87,5,24.0,159.0,3.7,Petrol,Sedan,30.0,2014,0.30742744712247916,0.72,0.34256441651511593,0.4385964912280702,0.0
Maserati GranTurismo,Maserati,62.96,5,21.1,196.0,3.5,Petrol,Coupe,30.0,2013,0.4021713860603525,0.49,0.511251758087201,0.33333333333333304,0.0
Maserati GranTurismo Convertible,Maserati,63.35,5,20.7,156.0,3.4,Petrol,Sedan,30.0,2013,0.4048091676770712,0.4553846153846155,0.33094730563084984,0.2564102564102564,0.0
Maserati Quattroporte,Maserati,51.76,5,23.3,162.0,3.5,Petrol,Sedan,30.0,2014,0.32690966447417846,0.6646153846153846,0.35849189013745975,0.3076923076923075,0.0
Mazda 3,Mazda,11.01,5,24.4,104.0,3.4,Petrol,Sedan,30.0,2015,0.0529201583741966,0.7507692307692309,0.09238839618586453,0.2564102564102564,0.0
Mazda 6,Mazda,10.4,5,23.5,113.0,3.5,Petrol,Sedan,30.0,2013,0.04887875083078287,0.6776470588235293,0.1311907588899398,0.35294117647058787,0.0
Mazda CX-5,Mazda,15.91,7,17.2,149.0,3.8,Petrol,SUV,30.0,2015,0.08588455169267858,0.17325443786982264,0.2982901529347488,0.554240631163708,0.0
Mazda CX-7,Mazda,9.13,7,15.3,141.0,3.1,Petrol,SUV,30.0,2012,0.04029291702873322,0.02630350194552533,0.2610172108768375,0.06095979247730199,0.0
Mazda CX-9,Mazda,16.0,7,16.0,149.0,3.4,Petrol,SUV,30.0,2015,0.08650638944748341,0.08101983002832869,0.298798529587069,0.2412653446647779,0.0
Mazda MX-5 Miata,Mazda,16.17,5,21.4,99.0,3.5,Petrol,Sedan,30.0,2015,0.08761433154653966,0.5114285714285716,0.07162813808383428,0.3273809523809521,0.0
Mazda Mazda2,Mazda,6.85,5,26.4,88.0,3.5,Petrol,Hatchback,30.0,2014,0.02497470289913976,0.9118465227817747,0.020417795083126078,0.32693844924060755,0.0
Mazda Mazda3,Mazda,8.53,5,23.5,107.0,3.3,Petrol,Sedan,30.0,2015,0.03624908439965316,0.6769024696525745,0.10387197642137208,0.2279893958420538,0.0
Mazda Mazda5,Mazda,9.2,7,21.3,91.0,3.5,Petrol,MPV,30.0,2014,0.040808665523190873,0.5040152963671127,0.033362677971918775,0.339069471000637,0.0
Mazda Mazda6,Mazda,10.79,5,23.3,113.0,3.5,Petrol,Sedan,30.0,2015,0.051477222993473515,0.660994708994709,0.13331511137418306,0.32134038800705467,0.0
Mazda Mazdaspeed 3,Mazda,12.93,5,25.9,96.0,3.4,Petrol,Hatchback,30.0,2012,0.06583902915329894,0.868888888888889,0.0538259778766107,0.2777777777777777,0.0
Mazda Mazdaspeed3,Mazda,12.31,5,25.8,95.0,3.3,Petrol,Hatchback,30.0,2013,0.061710140884363246,0.8640000000000001,0.05045045045045049,0.21666666666666679,0.0
Mazda RX-8,Mazda,10.04,5,20.2,132.0,3.1,Petrol,Coupe,30.0,2011,0.04644999302552659,0.42000000000000015,0.2204356254989166,0.05555555555555536,0.0
Mazda Tribute,Mazda,5.4,7,15.0,136.0,3.0,Petrol,SUV,30.0,2010,0.015204352071418608,0.0,0.240506329113924,0.0,0.0
Mercedes-Benz B-Class Electric Drive,Mercedes-Benz,23.36,5,27.0,108.0,3.8,EV,Hatchback,30.0,2014,0.13600223183149673,0.9600000000000002,0.11118713650359219,0.5333333333333332,0.0
Mercedes-Benz C-Class,Mercedes-Benz,17.99,5,22.8,125.0,3.5,Petrol,Coupe,30.0,2015,0.09987942008170182,0.6257202944269191,0.18684377225526438,0.30862250262881163,0.0
Mercedes-Benz CL-Class,Mercedes-Benz,41.36,5,20.6,170.0,3.3,Petrol,Coupe,30.0,2013,0.25694657553354733,0.4500000000000002,0.39252480328429695,0.19166666666666643,0.0
Mercedes-Benz CLA-Class,Mercedes-Benz,25.5,5,24.0,131.0,3.6,Petrol,Sedan,30.0,2014,0.1503425819708821,0.72,0.21414140382589275,0.3681592039800994,0.0
Mercedes-Benz CLS-Class,Mercedes-Benz,37.25,5,23.1,145.0,3.5,Petrol,Sedan,30.0,2014,0.22935621437504547,0.6511111111111112,0.2787381344343369,0.3447293447293447,0.0
Mercedes-Benz E-Class,Mercedes-Benz,24.65,5,22.8,130.0,3.4,Petrol,Sedan,30.0,2014,0.1446754803345681,0.6243621399176955,0.2105970855994297,0.29341563786008207,0.0
Mercedes-Benz G-Class,Mercedes-Benz,78.77,7,16.4,225.0,3.6,Petrol,SUV,30.0,2015,0.5084279536894964,0.11120000000000019,0.6437358877865206,0.36666666666666625,0.0
Mercedes-Benz GL-Class,Mercedes-Benz,31.73,7,16.0,168.0,3.4,Petrol,SUV,30.0,2015,0.1922266201701772,0.08083200000000001,0.38522894742844105,0.293333333333333,0.0
Mercedes-Benz GLA-Class,Mercedes-Benz,26.56,7,17.5,162.0,4.0,Petrol,SUV,30.0,2015,0.15748360998744595,0.20000000000000018,0.3568251796099897,0.6666666666666665,0.0
Mercedes-Benz GLK-Class,Mercedes-Benz,20.94,7,16.1,155.0,3.4,Petrol,SUV,30.0,2015,0.11972093642519255,0.08662777129521615,0.3259527190366296,0.2874367950213923,0.0
Mercedes-Benz M-Class,Mercedes-Benz,24.48,7,15.8,159.0,3.3,Petrol,SUV,30.0,2015,0.1434941301210316,0.06749498997995995,0.3453882334174564,0.20908483633934516,0.0
Mercedes-Benz R-Class,Mercedes-Benz,18.08,5,20.5,102.0,3.1,Petrol,Wagon,30.0,2012,0.10050067815624603,0.4382978723404256,0.08216322975277995,0.09929078014184389,0.0
Mercedes-Benz S-Class,Mercedes-Benz,40.82,5,23.2,149.0,3.4,Petrol,Sedan,30.0,2015,0.25333967362258814,0.6526210350584307,0.29849785374224835,0.29938786867000555,0.0
Mercedes-Benz SL-Class,Mercedes-Benz,53.54,5,21.2,144.0,3.4,Petrol,Sedan,30.0,2014,0.3388199190961083,0.49911504424778785,0.2769985175048466,0.2890855457227137,0.0
Mercedes-Benz SLK-Class,Mercedes-Benz,25.98,5,21.2,111.0,3.5,Petrol,Sedan,30.0,2014,0.1536070519213113,0.4949253731343286,0.1255797645368777,0.3358208955223878,0.0
Mercedes-Benz SLS AMG,Mercedes-Benz,96.29,5,20.7,236.0,3.3,Petrol,Coupe,30.0,2012,0.6262612172780955,0.4533333333333336,0.6944539476185044,0.22222222222222232,0.0
Mercedes-Benz SLS AMG GT,Mercedes-Benz,129.9,5,21.5,276.0,3.5,Petrol,Coupe,30.0,2013,0.8521411633421678,0.52,0.879119625955069,0.33333333333333304,0.0
Mercedes-Benz Sprinter,Mercedes-Benz,21.66,7,21.0,106.0,3.4,Petrol,MPV,30.0,2014,0.12457563673120761,0.48,0.10184544870863577,0.25114155251141534,0.0
Mercury Grand Marquis,Mercury,8.83,5,22.2,111.0,3.0,Petrol,Sedan,30.0,2011,0.03831775700934581,0.5730000000000002,0.12255673394913902,0.02499999999999991,0.0
Mercury Mariner,Mercury,7.98,7,15.1,140.0,3.1,Petrol,SUV,30.0,2011,0.03260092751886122,0.006913580246913575,0.2547287090184417,0.05349794238683092,0.0
Mercury Milan,Mercury,5.84,5,22.1,107.0,3.0,Petrol,Sedan,30.0,2011,0.018214999767517556,0.5666666666666667,0.10612194472953962,0.02777777777777768,0.0
Mercury Milan Hybrid,Mercury,8.19,5,22.0,110.0,3.1,Hybrid,Sedan,30.0,2010,0.03398893383549542,0.56,0.11901775192914432,0.05555555555555536,0.0
Mercury Mountaineer,Mercury,11.4,7,15.0,144.0,3.1,Petrol,SUV,30.0,2010,0.05556330497047472,0.0,0.27350134945071647,0.03703703703703676,0.0
Mitsubishi Eclipse,Mitsubishi,8.05,5,25.8,90.0,3.3,Petrol,Hatchback,30.0,2012,0.0330789311121296,0.8614285714285714,0.027043318182558618,0.22619047619047628,0.0
Mitsubishi Eclipse Spyder,Mitsubishi,9.33,5,21.0,91.0,3.6,Petrol,Sedan,30.0,2012,0.04166749696112229,0.48,0.034064806216704935,0.4285714285714284,0.0
Mitsubishi Endeavor,Mitsubishi,7.39,7,15.2,139.0,3.1,Petrol,SUV,30.0,2011,0.028610839881588943,0.020000000000000018,0.2514666565299476,0.05555555555555536,0.0
Mitsubishi Galant,Mitsubishi,6.85,5,22.7,108.0,3.3,Petrol,Sedan,30.0,2012,0.024970777496996662,0.6170542635658915,0.11164505689086196,0.2118863049095605,0.0
Mitsubishi Lancer,Mitsubishi,7.76,5,23.2,109.0,3.4,Petrol,Sedan,30.0,2015,0.031092616369356705,0.6570843989769821,0.11664989927607683,0.2894288150042623,0.0
Mitsubishi Lancer Evolution,Mitsubishi,21.47,5,23.1,126.0,3.4,EV,Sedan,30.0,2014,0.12327307586149586,0.6519148936170214,0.19201102529947123,0.2695035460992905,0.0
Mitsubishi Lancer Sportback,Mitsubishi,8.57,5,25.5,90.0,3.2,Petrol,Hatchback,30.0,2014,0.036535510799703866,0.8430769230769235,0.029869207084396943,0.1367521367521367,0.0
Mitsubishi Mirage,Mitsubishi,7.28,5,27.1,89.0,3.6,Petrol,Hatchback,30.0,2015,0.027846968982413258,0.9644444444444449,0.022765984791301208,0.4144620811287476,0.0
Mitsubishi Outlander,Mitsubishi,12.78,7,16.5,145.0,3.5,Petrol,SUV,30.0,2015,0.06484225382160119,0.11774117647058846,0.2810872525541178,0.34352941176470564,0.0
Mitsubishi Outlander Sport,Mitsubishi,11.24,7,16.4,144.0,3.5,Petrol,SUV,30.0,2015,0.05452151159662401,0.11290676416819023,0.2726496426771806,0.33150517976843386,0.0
Mitsubishi i-MiEV,Mitsubishi,6.05,5,26.0,87.0,3.6,EV,Hatchback,30.0,2012,0.01961487621970256,0.8800000000000001,0.01603592742833243,0.38095238095238093,0.0
Nissan 370Z,Nissan,18.61,5,21.0,134.0,3.4,Petrol,Sedan,30.0,2015,0.10401211565669652,0.48160000000000003,0.22787481876089477,0.26476190476190453,0.0
Nissan Altima,Nissan,10.5,5,23.2,114.0,3.5,Petrol,Sedan,30.0,2015,0.049514340654440936,0.6520441922962079,0.13682625849407548,0.3580173186025677,0.0
Nissan Altima Hybrid,Nissan,7.55,5,22.2,109.0,3.1,Hybrid,Sedan,30.0,2011,0.029671402666241558,0.5733333333333335,0.11548800156395084,0.04761904761904745,0.0
Nissan Armada,Nissan,19.75,7,15.9,154.0,3.4,Petrol,SUV,30.0,2015,0.11171954189333708,0.07531250000000012,0.3194112664880069,0.23611111111111072,0.0
Nissan Cube,Nissan,7.5,5,20.8,89.0,3.3,Petrol,Wagon,30.0,2014,0.029357328297832923,0.4606965174129354,0.02400076252333949,0.19568822553897158,0.0
Nissan Frontier,Nissan,15.61,5,21.3,99.0,3.5,Petrol,Sedan,30.0,2015,0.08386832756343521,0.5008060453400505,0.06856563351605277,0.32787573467674225,0.0
Nissan GT-R,Nissan,61.96,5,21.9,195.0,3.7,Petrol,Coupe,30.0,2015,0.3954722207946985,0.553684210526316,0.505774928826228,0.47368421052631593,0.0
Nissan Juke,Nissan,12.33,5,26.3,95.0,3.5,Petrol,Hatchback,30.0,2014,0.061843340222385246,0.9030480167014614,0.05055934611178925,0.30132219902574775,0.0
Nissan Leaf,Nissan,8.58,5,26.2,90.0,3.5,Petrol,Hatchback,30.0,2015,0.03663283110368232,0.8967239101717308,0.02994877023404019,0.33245266402465834,0.0
Nissan Maxima,Nissan,13.4,5,23.0,116.0,3.4,Petrol,Sedan,30.0,2014,0.06900041236185411,0.6369841913254966,0.1476410031043599,0.2623969733819753,0.0
Nissan Murano,Nissan,15.26,7,16.0,148.0,3.3,Petrol,SUV,30.0,2014,0.08155424998410103,0.07622166246851392,0.29474996215486593,0.23173803526448333,0.0
Nissan Murano CrossCabriolet,Nissan,22.13,7,16.7,157.0,3.5,Petrol,SUV,30.0,2014,0.1277059296308843,0.1323809523809525,0.33248076286050976,0.3095238095238093,0.0
Nissan NV,Nissan,12.3,7,21.1,95.0,3.6,Petrol,MPV,30.0,2013,0.061621133318720156,0.4895238095238097,0.050377683289075714,0.38888888888888884,0.0
Nissan NV Cargo,Nissan,17.38,7,22.0,101.0,3.6,Petrol,MPV,30.0,2014,0.09575711516539123,0.56,0.07828518173345755,0.39080459770114917,0.0
Nissan NV Passenger,Nissan,17.4,7,21.5,101.0,3.7,Petrol,MPV,30.0,2013,0.09592225786953087,0.52,0.07842019234424291,0.4444444444444442,0.0
Nissan NV200,Nissan,13.24,7,21.9,96.0,3.6,Petrol,MPV,30.0,2014,0.06796985103486756,0.5558620689655172,0.05556800799053091,0.367816091954023,0.0
Nissan Pathfinder,Nissan,17.29,7,16.3,151.0,3.5,Petrol,SUV,30.0,2015,0.09515758180323176,0.10759868421052632,0.3058712172365571,0.3185307017543857,0.0
Nissan Quest,Nissan,14.42,7,21.3,97.0,3.5,Petrol,MPV,30.0,2014,0.07587271028805921,0.5011570247933885,0.062028904100250415,0.33149678604224064,0.0
Nissan Rogue,Nissan,11.8,7,16.0,144.0,3.4,Petrol,SUV,30.0,2015,0.058263623178829854,0.077536231884058,0.27570896505519793,0.2768243071446732,0.0
Nissan Rogue Select,Nissan,12.68,7,17.0,145.0,3.6,Petrol,SUV,30.0,2014,0.06415781397978138,0.16000000000000014,0.28052769625054774,0.3934837092731831,0.0
Nissan Sentra,Nissan,8.48,5,23.2,110.0,3.5,Petrol,Sedan,30.0,2014,0.035971262390676315,0.6574750984479962,0.1206383829488834,0.31318044938614786,0.0
Nissan Titan,Nissan,17.53,5,21.0,101.0,3.4,Petrol,Sedan,30.0,2014,0.096774661880375,0.47700680272108853,0.07911706591634254,0.23582766439909264,0.0
Nissan Versa,Nissan,6.73,5,24.1,102.0,3.5,Petrol,Sedan,30.0,2015,0.024197455929915134,0.7312312312312312,0.08488338834900583,0.30868368368368326,0.0
Nissan Versa Note,Nissan,8.58,5,27.1,90.0,3.7,Petrol,Hatchback,30.0,2015,0.036596702875984544,0.9672340425531913,0.0299192339967993,0.43819655521783174,0.0
Nissan Xterra,Nissan,14.44,7,16.3,147.0,3.5,Petrol,SUV,30.0,2014,0.07604082052388987,0.10773722627737214,0.29024251822736524,0.32360097323600945,0.0
Pontiac G6,Pontiac,5.49,5,22.0,107.0,3.1,Petrol,Sedan,30.0,2010,0.015835087059622655,0.56,0.10417627313609695,0.03623188405797073,0.0
Pontiac Vibe,Pontiac,5.01,5,25.0,86.0,3.1,Petrol,Hatchback,30.0,2010,0.012642818194499045,0.8,0.010335997677769826,0.045454545454545414,0.0
Porsche 911,Porsche,63.04,5,21.4,185.0,3.5,Petrol,Sedan,30.0,2014,0.402698431433262,0.5087912087912088,0.4595509405635989,0.35531135531135494,0.0
Porsche Boxster,Porsche,36.56,5,21.4,124.0,3.5,Petrol,Sedan,30.0,2014,0.224676139383909,0.5124324324324327,0.183681519357195,0.3423423423423424,0.0
Porsche Cayenne,Porsche,39.41,7,16.0,177.0,3.4,Petrol,SUV,30.0,2014,0.24388361547555623,0.08377049180327889,0.4274605587118556,0.2677595628415297,0.0
Porsche Cayman,Porsche,40.45,5,21.7,169.0,3.5,Petrol,Coupe,30.0,2014,0.2508785586688206,0.5393548387096776,0.3875639624925047,0.35483870967741904,0.0
Porsche Macan,Porsche,50.53,7,17.5,191.0,4.1,Petrol,SUV,30.0,2015,0.3186288185242015,0.20000000000000018,0.4885676816056562,0.75,0.0
Porsche Panamera,Porsche,46.26,5,22.9,156.0,3.4,Petrol,Sedan,30.0,2014,0.2898893036560815,0.6338805970149255,0.32822629922573243,0.26865671641791034,0.0
Ram 1500,Ram,19.02,5,21.4,103.0,3.5,Petrol,Sedan,30.0,2015,0.10678880628579501,0.5097706137631741,0.08730402010068017,0.32506716263690816,0.0
Ram 2500,Ram,27.52,5,21.5,113.0,3.5,Petrol,Sedan,30.0,2015,0.16393801716022394,0.5225541125541124,0.13402573212699787,0.35966810966810936,0.0
Ram 3500,Ram,28.69,5,21.2,115.0,3.5,Petrol,Sedan,30.0,2015,0.17182290681717563,0.4931225296442687,0.14047193738993413,0.3043478260869561,0.0
Ram C/V Cargo Van,Ram,6.06,7,21.0,87.0,3.5,Petrol,MPV,30.0,2012,0.019668015064862602,0.48,0.016079370509750224,0.3643410852713176,0.0
Ram C/V Tradesman,Ram,7.42,7,21.5,89.0,3.6,Petrol,MPV,30.0,2013,0.02883446585497081,0.52,0.023573302054314738,0.38095238095238093,0.0
Ram CV Tradesman,Ram,12.88,7,22.0,96.0,3.6,Petrol,MPV,30.0,2014,0.06549030548193613,0.56,0.05354088265480672,0.4166666666666665,0.0
Ram Dakota,Ram,9.95,5,20.5,92.0,3.1,Petrol,Sedan,30.0,2011,0.0458317153811644,0.44000000000000017,0.03746921742132142,0.06306306306306286,0.0
Ram Promaster Cargo Van,Ram,18.96,7,22.1,103.0,3.7,Petrol,MPV,30.0,2015,0.1063784514777609,0.5640677966101695,0.08696853901745555,0.4350282485875705,0.0
Rolls-Royce Ghost,Rolls-Royce,127.4,5,22.5,253.0,3.2,Petrol,Sedan,30.0,2013,0.8353367850139081,0.6023529411764708,0.7741509193482389,0.117647058823529,0.0
Saab 9-3,Saab,8.24,5,21.9,107.0,3.0,Petrol,Sedan,30.0,2011,0.03432370856000372,0.5546666666666669,0.10712738054510207,0.022222222222222143,0.0
Saab 9-5,Saab,10.44,5,22.4,113.0,3.1,Petrol,Sedan,30.0,2011,0.04913516529502024,0.595,0.13140038772950158,0.04166666666666652,0.0
Scion FR-S,Scion,14.95,5,21.6,138.0,3.6,Petrol,Coupe,30.0,2015,0.07943168965441905,0.5291566265060241,0.24739945069364,0.37148594377510014,0.0
Scion iQ,Scion,7.38,5,26.2,89.0,3.6,Petrol,Hatchback,30.0,2014,0.02852902638637669,0.8927868852459018,0.02332359335887041,0.3770491803278686,0.0
Scion tC,Scion,10.2,5,26.1,92.0,3.4,Petrol,Hatchback,30.0,2015,0.047535969570882755,0.8850731707317074,0.03886251178625366,0.28455284552845495,0.0
Scion xB,Scion,9.11,5,21.0,91.0,3.4,Petrol,Wagon,30.0,2014,0.0401622369818771,0.4774089068825911,0.03283419739115939,0.27260458839406176,0.0
Scion xD,Scion,8.62,5,26.0,90.0,3.4,Petrol,Hatchback,30.0,2014,0.036893290556562985,0.8828800000000003,0.03016170600980722,0.2879999999999998,0.0
Subaru BRZ,Subaru,16.34,5,21.7,140.0,3.6,Petrol,Coupe,30.0,2015,0.08878172555114948,0.5333333333333334,0.2550434702333436,0.40476190476190466,0.0
Subaru Forester,Subaru,15.93,7,16.5,149.0,3.6,Petrol,SUV,30.0,2015,0.0860194332135904,0.11700748129675831,0.29840042384630283,0.3886118038237738,0.0
Subaru Impreza,Subaru,13.51,5,24.6,107.0,3.4,Petrol,Hatchback,30.0,2014,0.06977822104431117,0.7642,0.10646292621735653,0.2583333333333333,0.0
Subaru Impreza WRX,Subaru,21.59,5,24.5,120.0,3.6,Petrol,Sedan,30.0,2014,0.12409654737733972,0.763703703703704,0.16565299476691875,0.37962962962962976,0.0
Subaru Legacy,Subaru,13.19,5,23.4,116.0,3.5,Petrol,Sedan,30.0,2015,0.0676317039187137,0.6755505617977529,0.14652203049301604,0.333707865168539,0.0
Subaru Outback,Subaru,17.11,5,21.5,101.0,3.5,Petrol,Wagon,30.0,2015,0.09396473229587751,0.5194371859296483,0.07681983873065862,0.3132328308207706,0.0
Subaru Tribeca,Subaru,19.19,7,16.2,153.0,3.5,Petrol,SUV,30.0,2014,0.10792435171144579,0.09677419354838723,0.31630855028160043,0.34408602150537604,0.0
Subaru WRX,Subaru,24.82,5,24.5,130.0,4.1,Petrol,Sedan,30.0,2015,0.1457664946296555,0.76,0.2104002736914129,0.7272727272727271,0.0
Subaru XV Crosstrek,Subaru,17.42,7,16.9,151.0,3.6,Petrol,SUV,30.0,2014,0.09600914384695299,0.15044776119403003,0.306567402467648,0.4063018242122718,0.0
Suzuki Equator,Suzuki,12.33,5,21.0,95.0,3.5,Petrol,Sedan,30.0,2012,0.06179383456549033,0.48,0.050518873303683376,0.33333333333333304,0.0
Suzuki Grand Vitara,Suzuki,7.44,7,15.7,139.0,3.3,Petrol,SUV,30.0,2013,0.02894897632411852,0.05746478873239447,0.2517430962786641,0.215962441314554,0.0
Suzuki Kizashi,Suzuki,6.97,5,22.6,108.0,3.3,Petrol,Sedan,30.0,2012,0.025770679313711815,0.6100000000000001,0.11229900786862806,0.17708333333333304,0.0
Suzuki SX4,Suzuki,4.86,5,23.2,103.0,3.3,Petrol,Sedan,30.0,2013,0.011603401117128698,0.6582608695652177,0.08633798906225981,0.21014492753623149,0.0
Tesla Model S,Tesla,55.66,5,23.6,167.0,3.6,EV,Sedan,30.0,2014,0.35307210392571897,0.6886956521739132,0.37988070624284165,0.4057971014492754,0.0
Toyota 4Runner,Toyota,22.65,7,16.0,157.0,3.4,Petrol,SUV,30.0,2015,0.13122228643166015,0.07684033613445385,0.33535552188716733,0.23473389355742302,0.0
Toyota Avalon,Toyota,15.86,5,23.2,119.0,3.4,Petrol,Sedan,30.0,2015,0.08556859693034498,0.6580929095354524,0.16118614111000606,0.26650366748166254,0.0
Toyota Avalon Hybrid,Toyota,21.25,5,23.8,126.0,3.5,Hybrid,Sedan,30.0,2014,0.12181615288045752,0.7050000000000001,0.19081993385790852,0.3416666666666668,0.0
Toyota Camry,Toyota,11.4,5,23.3,114.0,3.5,Petrol,Sedan,30.0,2015,0.05554700925512003,0.6671148708815673,0.1366423206009757,0.3215716829919857,0.0
Toyota Camry Hybrid,Toyota,13.02,5,23.2,116.0,3.5,Hybrid,Sedan,30.0,2015,0.06645286999581533,0.656607142857143,0.14555828771809787,0.3199404761904763,0.0
Toyota Corolla,Toyota,9.11,5,23.2,111.0,3.4,Petrol,Sedan,30.0,2015,0.04015206991610126,0.6557714701601165,0.12405635639508827,0.2893619602134887,0.0
Toyota FJ Cruiser,Toyota,23.09,7,16.3,158.0,3.5,Petrol,SUV,30.0,2014,0.13416320267819784,0.10560000000000014,0.33775983578515223,0.33066666666666666,0.0
Toyota Highlander,Toyota,19.32,7,16.0,153.0,3.5,Petrol,SUV,30.0,2015,0.10878426806317712,0.08062846580406657,0.3170115654857927,0.30252618607516935,0.0
Toyota Highlander Hybrid,Toyota,20.11,7,15.8,154.0,3.4,Hybrid,SUV,30.0,2013,0.11415104438684648,0.06511627906976747,0.32139911474618565,0.24031007751937983,0.0
Toyota Land Cruiser,Toyota,44.11,7,16.3,183.0,3.4,Petrol,SUV,30.0,2014,0.27548136782339605,0.10518518518518505,0.45329295540266,0.2716049382716048,0.0
Toyota Matrix,Toyota,7.56,5,25.5,89.0,3.2,Petrol,Hatchback,30.0,2013,0.02972540790561617,0.8423188405797102,0.024301681979172318,0.13043478260869534,0.0
Toyota Prius,Toyota,11.11,5,26.0,93.0,3.4,Hybrid,Hatchback,30.0,2015,0.053622139297078125,0.8766574839302115,0.04383819325131172,0.23844505662687476,0.0
Toyota Prius Plug-in,Toyota,13.96,5,26.2,97.0,3.6,Hybrid,Hatchback,30.0,2014,0.0727918042187815,0.898666666666667,0.059510143054446796,0.3851851851851853,0.0
Toyota Prius c,Toyota,10.65,5,26.3,93.0,3.6,Hybrid,Hatchback,30.0,2014,0.05055360627964897,0.9025641025641027,0.04132954765866159,0.37321937321937293,0.0
Toyota Prius v,Toyota,14.08,5,21.3,97.0,3.6,Hybrid,Wagon,30.0,2014,0.07361929125807314,0.5044660194174757,0.060186646029094126,0.37864077669902896,0.0
Toyota RAV4,Toyota,13.43,7,16.0,146.0,3.4,Petrol,SUV,30.0,2015,0.06920379269297015,0.08047003525264396,0.2846529809346451,0.2585193889541717,0.0
Toyota Sequoia,Toyota,27.98,7,15.9,164.0,3.3,Petrol,SUV,30.0,2014,0.16701711243023376,0.07481481481481489,0.3646191902169398,0.22839506172839474,0.0
Toyota Sienna,Toyota,15.65,7,21.2,99.0,3.4,Petrol,MPV,30.0,2015,0.0841333980169453,0.49788790560471985,0.06878233896493102,0.29223205506391325,0.0
Toyota Tacoma,Toyota,18.96,5,21.3,103.0,3.5,Petrol,Sedan,30.0,2015,0.10636618469552125,0.5035225048923679,0.0869585104438581,0.3268101761252442,0.0
Toyota Tundra,Toyota,21.98,5,21.1,106.0,3.4,Petrol,Sedan,30.0,2014,0.12672715912856294,0.4897597977243997,0.10360440230273321,0.2789717656974293,0.0
Toyota Venza,Toyota,14.51,5,21.0,97.0,3.4,Petrol,Wagon,30.0,2014,0.07646114310560444,0.4762689804772233,0.06250997091162935,0.24078091106290644,0.0
Toyota Yaris,Toyota,7.14,5,25.4,94.0,3.5,Petrol,Hatchback,30.0,2015,0.02695383892725454,0.82890868596882,0.04794201887038285,0.3262806236080178,0.0
Volkswagen Beetle,Volkswagen,10.56,5,26.4,93.0,3.6,Petrol,Hatchback,30.0,2015,0.049897855250221834,0.9106345733041576,0.0407934455797514,0.38001458789204934,0.0
Volkswagen Beetle Convertible,Volkswagen,15.03,5,21.6,98.0,3.5,Petrol,Sedan,30.0,2014,0.08000784923789102,0.5254237288135595,0.06540954170218272,0.3615819209039546,0.0
Volkswagen CC,Volkswagen,11.6,5,23.0,114.0,3.4,Petrol,Sedan,30.0,2014,0.05689485987249189,0.641022146507666,0.13774424112508765,0.27597955706984667,0.0
Volkswagen Eos,Volkswagen,14.66,5,21.0,98.0,3.5,Petrol,Sedan,30.0,2014,0.07748544436949804,0.47616438356164403,0.06334737720206773,0.3105022831050226,0.0
Volkswagen GLI,Volkswagen,11.42,5,23.0,114.0,3.6,Petrol,Sedan,30.0,2012,0.05568535825545173,0.6400000000000001,0.13675542631238824,0.375,0.0
Volkswagen GTI,Volkswagen,12.71,5,26.0,95.0,3.4,Petrol,Hatchback,30.0,2014,0.06440534959122783,0.8778536585365855,0.05265388883789629,0.26341463414634125,0.0
Volkswagen Golf,Volkswagen,9.32,5,26.2,91.0,3.5,Petrol,Hatchback,30.0,2015,0.04158385053786147,0.8967588932806325,0.03399642199862346,0.33333333333333304,0.0
Volkswagen Golf GTI,Volkswagen,17.39,5,27.5,101.0,4.1,Petrol,Hatchback,30.0,2015,0.09586413725763705,1.0000000000000002,0.07837267647394225,0.708333333333333,0.0
Volkswagen Golf R,Volkswagen,21.25,5,26.3,106.0,3.5,Petrol,Hatchback,30.0,2013,0.12181234862222451,0.9018181818181821,0.09958635275090971,0.3636363636363633,0.0
Volkswagen Jetta,Volkswagen,8.61,5,23.1,110.0,3.4,Petrol,Sedan,30.0,2015,0.0368349717639358,0.6493745796906525,0.11892109384843874,0.2998206680116562,0.0
Volkswagen Jetta GLI,Volkswagen,15.0,5,23.8,118.0,3.5,Petrol,Sedan,30.0,2014,0.07980220962705072,0.7012244897959186,0.15647189426574593,0.3537414965986394,0.0
Volkswagen Jetta Hybrid,Volkswagen,13.08,5,23.7,116.0,3.5,Hybrid,Sedan,30.0,2014,0.06687885973699896,0.6945454545454548,0.14590655096984206,0.3636363636363633,0.0
Volkswagen Jetta SportWagen,Volkswagen,11.48,5,21.2,94.0,3.4,Petrol,Wagon,30.0,2014,0.05610427374271705,0.4936538461538462,0.04586743510794139,0.28685897435897445,0.0
Volkswagen New Beetle,Volkswagen,6.03,5,24.4,87.0,3.1,Petrol,Hatchback,30.0,2010,0.019460569188564734,0.7487179487179487,0.015909775403446236,0.04273504273504258,0.0
Volkswagen Passat,Volkswagen,10.45,5,23.3,113.0,3.6,Petrol,Sedan,30.0,2015,0.049205710096641014,0.6675947136563878,0.13141787122537696,0.37709251101321595,0.0
Volkswagen Routan,Volkswagen,9.49,7,20.4,91.0,3.2,Petrol,MPV,30.0,2012,0.042721623354646035,0.4319379844961242,0.03492659571552714,0.13953488372093004,0.0
Volkswagen Tiguan,Volkswagen,12.48,7,16.2,145.0,3.5,Petrol,SUV,30.0,2015,0.0628448396111611,0.09241379310344833,0.27945428842198805,0.3067528735632181,0.0
Volkswagen Touareg,Volkswagen,22.75,7,16.2,157.0,3.5,Petrol,SUV,30.0,2014,0.13185961602756135,0.09809523809523801,0.3358765637246649,0.3174603174603172,0.0
Volvo C30,Volvo,12.12,5,25.6,95.0,3.2,Petrol,Hatchback,30.0,2013,0.0604231989180469,0.8486956521739131,0.04939832512754916,0.15942028985507228,0.0
Volvo C70,Volvo,16.85,5,20.8,100.0,3.4,Petrol,Sedan,30.0,2013,0.09224194448319153,0.463125,0.07541139240506328,0.234375,0.0
Volvo S40,Volvo,7.96,5,22.3,110.0,3.0,Petrol,Sedan,30.0,2011,0.032451814593880524,0.5835294117647059,0.117761096912251,0.019607843137254832,0.0
Volvo S60,Volvo,15.67,5,23.6,119.0,3.7,Petrol,Sedan,30.0,2015,0.08428915933449344,0.6916859716859716,0.16014015090306566,0.4508794508794507,0.0
Volvo S80,Volvo,14.86,5,22.9,118.0,3.3,Petrol,Sedan,30.0,2015,0.07883432351877842,0.629387755102041,0.15568060956849383,0.19727891156462585,0.0
Volvo V50,Volvo,8.57,5,20.2,90.0,3.1,Petrol,Wagon,30.0,2011,0.036518342865113684,0.41333333333333355,0.029855171627323485,0.04444444444444429,0.0
Volvo V60,Volvo,22.09,5,22.5,107.0,4.1,Petrol,Wagon,30.0,2015,0.12744127577404052,0.6000000000000001,0.1041882205524115,0.7068273092369477,0.0
Volvo V70,Volvo,9.3,5,20.0,91.0,3.0,Petrol,Wagon,30.0,2010,0.041428372157902085,0.40000000000000013,0.033869312350324976,0.0,0.0
Volvo XC60,Volvo,19.83,7,16.4,154.0,3.5,Petrol,SUV,30.0,2015,0.11223756004479915,0.11145631067961181,0.31983476655960363,0.35194174757281527,0.0
Volvo XC70,Volvo,21.67,5,21.4,106.0,3.6,Petrol,Wagon,30.0,2015,0.12459368408594246,0.5127272727272729,0.1018602031260259,0.4141414141414139,0.0
Volvo XC90,Volvo,16.99,7,15.7,150.0,3.3,Petrol,SUV,30.0,2014,0.09312854710794638,0.05975903614457834,0.3042124021230319,0.19277108433734913,0.0
airstream interstate,airstream,58.93,5,21.0,151.0,3.5,Petrol,Sedan,30.0,2012,0.37508718091784077,0.48,0.3066484205724712,0.33333333333333304,0.0
audi a4,audi,14.57,5,20.1,98.0,3.0,Petrol,Sedan,30.0,2011,0.0768586971683638,0.41000000000000014,0.06283498688561978,0.0,0.0
audi a6,audi,20.46,5,21.0,105.0,3.8,Petrol,Sedan,30.0,2012,0.11647370623517925,0.48,0.09522180408256359,0.5,0.0
bmw 1,bmw,45.15,5,20.5,134.0,3.0,Petrol,Sedan,30.0,2011,0.2824661738038779,0.44000000000000017,0.2309271296613069,0.0,0.0
bmw 750i,bmw,28.63,5,20.9,114.0,3.5,Petrol,Sedan,30.0,2012,0.17140719512040478,0.4727272727272729,0.14013207684093765,0.30303030303030276,0.0
bmw 750li,bmw,33.96,5,20.9,121.0,3.5,Petrol,Sedan,30.0,2012,0.207220904821686,0.4746666666666668,0.16941118333523397,0.3111111111111109,0.0
bmw 750lxi,bmw,25.21,5,20.5,110.0,3.0,Petrol,Sedan,30.0,2011,0.14841679453201284,0.44000000000000017,0.12133652639981751,0.0,0.0
bmw alp,bmw,42.91,5,20.8,132.0,3.3,Petrol,Sedan,30.0,2012,0.2674013112010044,0.46666666666666656,0.2186110160793706,0.22222222222222232,0.0
buick lacrosse,buick,4.98,5,20.0,86.0,3.0,Petrol,Sedan,30.0,2010,0.012414562700516118,0.40000000000000013,0.010149389896225325,0.0,0.0
buick regal,buick,14.41,5,22.0,97.0,3.5,Petrol,Sedan,30.0,2014,0.07583577439903288,0.56,0.061998707568327815,0.33333333333333304,0.0
cadillac dts,cadillac,5.23,5,20.0,86.0,3.0,Petrol,Sedan,30.0,2010,0.014088436323057615,0.40000000000000013,0.011517846960884925,0.0,0.0
chevrolet 2500,chevrolet,7.72,5,20.0,89.0,3.0,Petrol,Sedan,30.0,2010,0.030827172548472597,0.40000000000000013,0.025202417607480876,0.0,0.0
chevrolet aveo,chevrolet,4.15,5,20.5,85.0,3.0,Petrol,Sedan,30.0,2011,0.00683498395871112,0.44000000000000017,0.0055878663473600265,0.0,0.0
chevrolet capt,chevrolet,13.06,5,22.5,96.0,4.2,Petrol,Sedan,30.0,2015,0.06672246245408472,0.6000000000000001,0.054548219105181095,0.7777777777777777,0.0
chevrolet colorado,chevrolet,4.58,5,20.1,86.0,3.1,Petrol,Sedan,30.0,2011,0.009736364904449717,0.40800000000000014,0.007959858592770042,0.06666666666666643,0.0
chevrolet cruze,chevrolet,6.64,5,20.5,88.0,3.5,Petrol,Sedan,30.0,2011,0.0235737201841261,0.44000000000000017,0.019272436993955977,0.33333333333333304,0.0
chevrolet g1500,chevrolet,8.55,5,20.0,90.0,3.0,Petrol,Sedan,30.0,2010,0.03640675129027758,0.40000000000000013,0.029763941156346174,0.0,0.0
chevrolet g3500,chevrolet,10.71,5,20.0,93.0,3.0,Petrol,Sedan,30.0,2010,0.05091365601897056,0.40000000000000013,0.04162390238339608,0.0,0.0
chevrolet impala,chevrolet,4.01,5,20.0,85.0,3.3,Petrol,Sedan,30.0,2010,0.005905054168410286,0.40000000000000013,0.004827612422549088,0.22222222222222232,0.0
chevrolet malibu,chevrolet,5.81,5,20.0,87.0,3.0,Petrol,Sedan,30.0,2010,0.017994141442321112,0.40000000000000013,0.014710913445090623,0.0,0.0
chevrolet sonic,chevrolet,8.18,5,21.0,90.0,3.5,Petrol,Sedan,30.0,2012,0.03389594085646534,0.48,0.027711255559356773,0.33333333333333304,0.0
chrysler 200,chrysler,9.96,5,20.5,92.0,3.0,Petrol,Sedan,30.0,2011,0.045892035151346086,0.44000000000000017,0.037518531189417226,0.0,0.0
chrysler sebring,chrysler,5.23,5,20.0,86.0,3.0,Petrol,Sedan,30.0,2010,0.014088436323057615,0.40000000000000013,0.011517846960884925,0.0,0.0
chrysler town,chrysler,5.44,5,20.0,87.0,3.1,Petrol,Sedan,30.0,2010,0.01548333100850886,0.40000000000000013,0.012658227848101222,0.06666666666666643,0.0
dodge caravan,dodge,5.34,5,20.0,86.0,3.0,Petrol,Sedan,30.0,2010,0.014832380155298277,0.40000000000000013,0.012126050100733643,0.0,0.0
dodge gr,dodge,17.43,5,22.0,101.0,3.5,Petrol,Sedan,30.0,2014,0.09609024518648843,0.56,0.07855752853711201,0.36559139784946204,0.0
dodge grand,dodge,15.39,5,21.3,99.0,3.4,Petrol,Sedan,30.0,2014,0.08239177942065375,0.5066666666666666,0.0673584977382446,0.2777777777777777,0.0
dodge journey,dodge,14.34,5,21.5,97.0,3.6,Petrol,Sedan,30.0,2014,0.07531163215359059,0.52,0.061570200810707076,0.3939393939393936,0.0
ford e,ford,10.62,5,21.0,93.0,3.5,Petrol,Sedan,30.0,2012,0.05035569814479006,0.48,0.041167750028509476,0.33333333333333304,0.0
ford e150,ford,8.66,5,20.3,90.0,3.1,Petrol,Sedan,30.0,2012,0.03712622328593139,0.4242105263157896,0.030352137613963104,0.09649122807017552,0.0
ford e250,ford,10.04,5,20.0,92.0,3.0,Petrol,Sedan,30.0,2010,0.04644999302552659,0.40000000000000013,0.03797468354430383,0.0,0.0
ford e350,ford,10.22,5,20.4,92.0,3.2,Petrol,Sedan,30.0,2012,0.04765248844401904,0.43034482758620696,0.03895777051604199,0.12643678160919514,0.0
ford f150,ford,15.39,5,20.0,99.0,3.1,Petrol,Sedan,30.0,2010,0.08242186538445762,0.40000000000000013,0.06738309418875316,0.039215686274509665,0.0
ford f250,ford,10.59,5,20.5,93.0,3.0,Petrol,Sedan,30.0,2011,0.050132514995117866,0.44000000000000017,0.04098528908655491,0.0,0.0
ford police,ford,3.13,5,20.2,84.0,3.1,Petrol,Sedan,30.0,2011,0.0,0.42000000000000015,0.0,0.08333333333333304,0.0
ford ranger,ford,5.43,5,20.5,87.0,3.0,Petrol,Sedan,30.0,2011,0.015427535221090808,0.44000000000000017,0.01261261261261254,0.0,0.0
hyundai elantra,hyundai,4.81,5,20.0,86.0,3.0,Petrol,Sedan,30.0,2010,0.011298646952155118,0.40000000000000013,0.00923708518645222,0.0,0.0
hyundai santa,hyundai,8.13,5,20.0,90.0,3.0,Petrol,Sedan,30.0,2010,0.03361696191937509,0.40000000000000013,0.027483179381913525,0.0,0.0
hyundai tucson,hyundai,7.97,5,20.0,90.0,3.0,Petrol,Sedan,30.0,2010,0.0325010461710141,0.40000000000000013,0.026570874672140476,0.0,0.0
jeep compass,jeep,12.68,5,22.0,95.0,3.6,Petrol,Sedan,30.0,2014,0.06420618184503542,0.56,0.05249106142628107,0.43137254901960764,0.0
jeep patriot,jeep,13.93,5,22.0,97.0,3.7,Petrol,Sedan,30.0,2014,0.07256242153717396,0.56,0.05932261375299347,0.4666666666666668,0.0
kia rio,kia,3.87,5,20.3,85.0,3.0,Petrol,Sedan,30.0,2011,0.004975124378109451,0.42666666666666675,0.00406735849773826,0.0,0.0
land rover range,land rover,59.43,5,22.0,152.0,3.5,Petrol,Sedan,30.0,2014,0.3784349281629238,0.56,0.3093853347017903,0.33333333333333304,0.0
land rover rr,land rover,39.18,5,21.0,127.0,3.5,Petrol,Sedan,30.0,2012,0.2422932068628819,0.48,0.1980841601094766,0.33333333333333304,0.0
lincoln mkt,lincoln,23.97,5,22.0,109.0,3.6,Petrol,Sedan,30.0,2014,0.14004742641930534,0.5577777777777777,0.11449424107651951,0.4259259259259256,0.0
mercedes sprinter,mercedes,15.19,5,21.0,98.0,3.5,Petrol,Sedan,30.0,2012,0.08104338122471755,0.48,0.06625612954726878,0.33333333333333304,0.0
mitsubishi endeavor,mitsubishi,7.88,5,20.5,89.0,3.0,Petrol,Sedan,30.0,2011,0.031900168460358175,0.44000000000000017,0.026079633674570446,0.02564102564102555,0.0
mitsubishi galant,mitsubishi,6.32,5,20.9,88.0,3.5,Petrol,Sedan,30.0,2012,0.021406701975819013,0.46949494949494963,0.01750081496916933,0.31313131313131315,0.0
nissan versa,nissan,6.64,5,21.5,88.0,3.5,Petrol,Sedan,30.0,2013,0.0235737201841261,0.52,0.019272436993955977,0.33333333333333304,0.0
pontiac g6,pontiac,5.48,5,20.0,87.0,3.0,Petrol,Sedan,30.0,2010,0.01576230994559911,0.40000000000000013,0.01288630402554447,0.0,0.0
smart fortwo,smart,5.64,5,25.8,87.0,3.5,Petrol,Hatchback,30.0,2015,0.016844928207920305,0.8630967741935487,0.013771386739945324,0.35376344086021483,0.0
suzuki grand,suzuki,7.35,5,21.0,89.0,3.5,Petrol,Sedan,30.0,2012,0.028316362114660345,0.48,0.023149732010491475,0.33333333333333304,0.0
toyota camry,toyota,7.88,5,20.5,90.0,3.0,Petrol,Sedan,30.0,2011,0.031943088296833594,0.44000000000000017,0.026114722317253924,0.0,0.0
toyota corolla,toyota,9.01,5,20.5,91.0,3.0,Petrol,Sedan,30.0,2011,0.03947551959827034,0.44000000000000017,0.03227277910822218,0.0,0.0
toyota yaris,toyota,4.81,5,20.5,86.0,3.5,Petrol,Sedan,30.0,2011,0.011298646952155118,0.44000000000000017,0.00923708518645222,0.33333333333333304,0.0
volkswagen beetle,volkswagen,8.13,5,21.3,90.0,3.3,Petrol,Sedan,30.0,2014,0.03361696191937509,0.5066666666666666,0.027483179381913525,0.22222222222222232,0.0
volkswagen jetta,volkswagen,5.73,5,20.5,87.0,3.0,Petrol,Sedan,30.0,2011,0.01743618356814061,0.44000000000000017,0.014254761090204127,0.0,0.0
volkswagen routan,volkswagen,17.93,5,21.8,102.0,3.5,Petrol,Sedan,30.0,2014,0.09945599107267403,0.54,0.08130915725852428,0.33333333333333304,0.0
vw beetle,vw,9.79,5,22.0,92.0,3.5,Petrol,Sedan,30.0,2014,0.04477611940298508,0.56,0.03660622647964418,0.33333333333333304,0.0
vw jetta,vw,7.86,5,20.5,89.0,3.0,Petrol,Sedan,30.0,2011,0.031757102338773435,0.44000000000000017,0.025962671532291703,0.0,0.0
vw routan,vw,17.36,5,21.8,101.0,3.7,Petrol,Sedan,30.0,2014,0.09564327893244061,0.5466666666666666,0.07819211616679972,0.4444444444444442,0.0
